model,trial,seed,objective,loss_value,fas_size,num_violations,num_po_violations,num_pmc_violations,epsilon_l1_norm,epsilon_support_percentage,epsilon_sparsity,time_Creating ELections and Graphs,time_LP2 Solve,time_LP3 Solve,time_BTL Model Fitting,time_Old LP Evaluation,time_New LP Evaluation,time_BTL Evaluation
LP2 ($\theta$ Only),0,42,0.011855855141387673,,0,683,73,610,0.011855855141387678,46.09297725024728,53.90702274975272,5.543590660000518,93.76185277900004,172.60609278899938,1373.6331197749996,16.714899089999562,16.05998561100023,0.013933561000158079
LP2 ($\theta$ Only),1,43,0.011543406806221634,,2,674,70,604,0.011543406806221646,45.180425111220956,54.819574888779044,6.450925170000119,55.78410309699939,149.94373154499954,1397.4595798010005,16.539301716999944,15.853470118000587,0.016333947000021
LP2 ($\theta$ Only),2,45,0.010870897700135496,,0,629,64,565,0.010870897700135473,43.14695695200396,56.85304304799604,6.658066177000364,55.865894353999465,145.60316741600036,1425.0670327419994,17.565754369999922,16.510854655998628,0.028427483999621472
LP2 ($\theta$ Only),3,48,0.011556386393229636,,0,657,86,571,0.011556386393229636,45.113524185587366,54.886475814412634,6.725218820000009,58.23611410599915,201.88833939100004,1432.242918586,19.054148388999238,16.567391999000392,0.028353277000860544
LP2 ($\theta$ Only),4,52,0.010856536925063618,,0,614,69,545,0.01085653692506361,43.78405151064884,56.21594848935116,6.949497624000287,55.49742104500001,149.63951984599953,1376.0502023319987,20.059335498999644,20.65676458500093,0.05483512400132895
LP2 ($\theta$ Only),5,57,0.011164497508015148,,0,650,60,590,0.011164497508015153,44.15841584158416,55.84158415841584,9.119553643999097,88.63158834500064,164.18118538099952,1352.5384080089989,19.632038517000183,17.206480277000082,0.014362488000188023
LP2 ($\theta$ Only),6,63,0.011452437356685153,,0,665,67,598,0.01145243735668517,45.701581027667984,54.298418972332016,6.365296769001361,55.55585310800052,148.30627949900008,1257.35596712,12.431273138001416,14.237314537000202,0.03298950899988995
LP2 ($\theta$ Only),7,70,0.010893531602620469,,1,627,68,559,0.01089353160262047,42.31339594661394,57.68660405338606,5.379243573001077,49.84163699099918,132.6399839200003,1064.4391827779982,12.040634053999383,12.912911904000794,0.013199865999922622
LP2 ($\theta$ Only),8,78,0.011367394909199007,,0,673,79,594,0.011367394909199009,44.66403162055336,55.33596837944664,4.646003662001021,47.921594341001764,126.75060529700204,1042.7982941750015,14.03277108399925,12.924762210001063,0.01371592400028021
LP2 ($\theta$ Only),9,87,0.011338259189690544,,3,667,70,597,0.01133825918969055,44.603960396039604,55.396039603960396,4.918949404000159,48.465517528999044,127.84751052699721,991.7103681199987,11.818110414002149,11.829291646998172,0.01694322300318163
LP3 ($\theta$ Only),0,42,0.1717441440647902,,0,664,55,609,0.01246385000418299,53.80811078140455,46.19188921859545,5.543590660000518,93.76185277900004,172.60609278899938,1373.6331197749996,16.714899089999562,16.05998561100023,0.013933561000158079
LP3 ($\theta$ Only),1,43,0.16705009936521154,,2,647,55,592,0.012231015914442046,53.38606030647553,46.61393969352447,6.450925170000119,55.78410309699939,149.94373154499954,1397.4595798010005,16.539301716999944,15.853470118000587,0.016333947000021
LP3 ($\theta$ Only),2,45,0.15637210235661408,,0,593,45,548,0.011561488684280405,51.311232063334984,48.688767936665016,6.658066177000364,55.865894353999465,145.60316741600036,1425.0670327419994,17.565754369999922,16.510854655998628,0.028427483999621472
LP3 ($\theta$ Only),3,48,0.1673331933800181,,0,631,78,553,0.012246456292506092,54.3928923988154,45.6071076011846,6.725218820000009,58.23611410599915,201.88833939100004,1432.242918586,19.054148388999238,16.567391999000392,0.028353277000860544
LP3 ($\theta$ Only),4,52,0.1544663368355906,,0,582,55,527,0.011477880491198626,51.65923724616147,48.34076275383853,6.949497624000287,55.49742104500001,149.63951984599953,1376.0502023319987,20.059335498999644,20.65676458500093,0.05483512400132895
LP3 ($\theta$ Only),5,57,0.1636054468488216,,0,594,56,538,0.011774944780024341,52.772277227722775,47.227722772277225,9.119553643999097,88.63158834500064,164.18118538099952,1352.5384080089989,19.632038517000183,17.206480277000082,0.014362488000188023
LP3 ($\theta$ Only),6,63,0.16698090319101808,,0,642,56,586,0.01207312721562602,54.34782608695652,45.65217391304348,6.365296769001361,55.55585310800052,148.30627949900008,1257.35596712,12.431273138001416,14.237314537000202,0.03298950899988995
LP3 ($\theta$ Only),7,70,0.157689842863239,,1,607,65,542,0.01154319179801523,52.05140879881364,47.94859120118636,5.379243573001077,49.84163699099918,132.6399839200003,1064.4391827779982,12.040634053999383,12.912911904000794,0.013199865999922622
LP3 ($\theta$ Only),8,78,0.16406492242983506,,0,624,71,553,0.01202304218165305,52.76679841897233,47.23320158102767,4.646003662001021,47.921594341001764,126.75060529700204,1042.7982941750015,14.03277108399925,12.924762210001063,0.01371592400028021
LP3 ($\theta$ Only),9,87,0.16600923955708202,,3,627,61,566,0.012019832188704165,53.415841584158414,46.584158415841586,4.918949404000159,48.465517528999044,127.84751052699721,991.7103681199987,11.818110414002149,11.829291646998172,0.01694322300318163
Linear BTL,0,42,,-9173.079366131778,0,745,47,698,,,,5.543590660000518,93.76185277900004,172.60609278899938,1373.6331197749996,16.714899089999562,16.05998561100023,0.013933561000158079
Linear BTL,1,43,,-9211.266294142157,2,757,49,708,,,,6.450925170000119,55.78410309699939,149.94373154499954,1397.4595798010005,16.539301716999944,15.853470118000587,0.016333947000021
Linear BTL,2,45,,-9038.196188061942,0,687,37,650,,,,6.658066177000364,55.865894353999465,145.60316741600036,1425.0670327419994,17.565754369999922,16.510854655998628,0.028427483999621472
Linear BTL,3,48,,-9296.343577693247,0,719,47,672,,,,6.725218820000009,58.23611410599915,201.88833939100004,1432.242918586,19.054148388999238,16.567391999000392,0.028353277000860544
Linear BTL,4,52,,-8957.92983019633,0,661,47,614,,,,6.949497624000287,55.49742104500001,149.63951984599953,1376.0502023319987,20.059335498999644,20.65676458500093,0.05483512400132895
Linear BTL,5,57,,-9119.355661680635,0,724,49,675,,,,9.119553643999097,88.63158834500064,164.18118538099952,1352.5384080089989,19.632038517000183,17.206480277000082,0.014362488000188023
Linear BTL,6,63,,-9219.086525103054,0,737,42,695,,,,6.365296769001361,55.55585310800052,148.30627949900008,1257.35596712,12.431273138001416,14.237314537000202,0.03298950899988995
Linear BTL,7,70,,-9038.700968477697,1,694,50,644,,,,5.379243573001077,49.84163699099918,132.6399839200003,1064.4391827779982,12.040634053999383,12.912911904000794,0.013199865999922622
Linear BTL,8,78,,-9225.467032065708,0,738,50,688,,,,4.646003662001021,47.921594341001764,126.75060529700204,1042.7982941750015,14.03277108399925,12.924762210001063,0.01371592400028021
Linear BTL,9,87,,-9017.511835795884,3,746,50,696,,,,4.918949404000159,48.465517528999044,127.84751052699721,991.7103681199987,11.818110414002149,11.829291646998172,0.01694322300318163
