phi,model,trial,seed,objective,loss_value,fas_size,num_violations,num_po_violations,num_pmc_violations,epsilon_l1_norm,epsilon_support_percentage,epsilon_sparsity,time_Data Generation,time_Graph Construction,time_Feedback Arc Set,time_LP3 Solve,time_BTL Model Fitting,time_New LP Evaluation,time_BTL Evaluation
0.0,LP3 ($\theta$ Only),0,42,0.0,,0,0,0,0,0.0,0.0,100.0,0.0015937440002744552,0.0053333660002863326,0.0007781039998917549,0.32563952500004234,0.07211823899979208,0.01063756600024135,0.00021749999996245606
0.0,LP3 ($\theta$ Only),1,43,0.0,,0,0,0,0,0.0,0.0,100.0,0.0016492839999955322,0.003164018000006763,6.0352000218699686e-05,0.09299249000014242,0.0795560720002868,0.009895367999888549,0.00019693200010806322
0.0,LP3 ($\theta$ Only),2,45,0.0,,0,0,0,0,0.0,0.0,100.0,0.00580823500013139,0.0039360719997603155,6.179000001793611e-05,0.08919107599967901,0.07596559500007061,0.009541390999856958,0.00019193300022379844
0.0,LP3 ($\theta$ Only),3,48,0.0,,0,0,0,0,0.0,0.0,100.0,0.0013127560000611993,0.003300516000308562,4.90869997520349e-05,0.09476908299984643,0.08153653799990934,0.012769795000167505,0.00027771299983214703
0.0,LP3 ($\theta$ Only),4,52,0.0,,0,0,0,0,0.0,0.0,100.0,0.0018820219997905951,0.0044546260000970506,6.65330003357667e-05,0.09939346900000601,0.07130889000018215,0.010974602000260347,0.00018895899984272546
0.0,LP3 ($\theta$ Only),5,57,0.0,,0,0,0,0,0.0,0.0,100.0,0.005834155999764334,0.004903530999854411,7.282400019903434e-05,0.09100465899973642,0.08562368399998377,0.009784601000319526,0.00020843399988734745
0.0,LP3 ($\theta$ Only),6,63,0.0,,0,0,0,0,0.0,0.0,100.0,0.001342630999715766,0.003455805000157852,4.984399993190891e-05,0.10470988399993075,0.08426453199990647,0.009300059999986843,0.00019412799974816153
0.0,LP3 ($\theta$ Only),7,70,0.0,,0,0,0,0,0.0,0.0,100.0,0.0013104510003358882,0.002959263999855466,5.027499992138473e-05,0.09423108500004673,0.06588795000016034,0.014761334000013449,0.00020841199966525892
0.0,LP3 ($\theta$ Only),8,78,0.0,,0,0,0,0,0.0,0.0,100.0,0.0013903379999646859,0.0045933269998386095,6.441400000767317e-05,0.09915950200002044,0.06215467200036073,0.00965209700007108,0.00018861099988498609
0.0,LP3 ($\theta$ Only),9,87,0.0,,0,0,0,0,2.4868995751603507e-14,10.0,90.0,0.001298070999837364,0.0031623859999854176,4.936100003760657e-05,0.09683092199975363,0.07289036699967255,0.009438619999855291,0.0002213790003224858
0.0,LP3 ($\theta$ Only),10,97,0.0,,0,0,0,0,0.0,0.0,100.0,0.002287220000198431,0.003224594999664987,5.1931000143667916e-05,0.09392103000027419,0.09696398599999156,0.009471418999964953,0.00019165000003340538
0.0,LP3 ($\theta$ Only),11,108,0.0,,0,0,0,0,0.0,0.0,100.0,0.0013579679998656502,0.0029364430001805886,5.060100011178292e-05,0.09567822500002876,0.07769684800041432,0.009721750999688084,0.00019055000029766234
0.0,LP3 ($\theta$ Only),12,120,0.0,,0,0,0,0,0.0,0.0,100.0,0.006392770999809727,0.004490193000037834,7.324500029426417e-05,0.08678406300032293,0.09277251200001047,0.009846121000009589,0.00019202300018150709
0.0,LP3 ($\theta$ Only),13,133,0.0,,0,0,0,0,0.0,0.0,100.0,0.0013055419999545848,0.0031462460001421277,4.944600004819222e-05,0.09302104600010352,0.06689063200019518,0.00994612300019071,0.0001939560002028884
0.0,LP3 ($\theta$ Only),14,147,0.0,,0,0,0,0,0.0,0.0,100.0,0.001315239999712503,0.003227718999823992,4.954599990014685e-05,0.09306093500026691,0.06783197999993718,0.009533644999919488,0.0001894379997793294
0.0,LP3 ($\theta$ Only),15,162,0.0,,0,0,0,0,0.0,0.0,100.0,0.005694779999885213,0.0030815340001026925,9.638100027586916e-05,0.11481577799986553,0.08608269299975291,0.009658284000124695,0.00019049100001211627
0.0,LP3 ($\theta$ Only),16,178,0.0,,0,0,0,0,0.0,0.0,100.0,0.005967642999621603,0.003280840000115859,5.1761000122496625e-05,0.09125363800012565,0.07400120500005869,0.009564480999870284,0.00019178100001226994
0.0,LP3 ($\theta$ Only),17,195,0.0,,0,0,0,0,0.0,0.0,100.0,0.001302092000059929,0.0032125150000865688,4.860599983658176e-05,0.09836987099970429,0.08003350299986778,0.009478086999934021,0.00019489999976940453
0.0,LP3 ($\theta$ Only),18,213,0.0,,0,0,0,0,0.0,0.0,100.0,0.001362410000183445,0.003450981999776559,5.0815999657061184e-05,0.09811892199968497,0.06285462000005282,0.009602042000096844,0.00019096500000159722
0.0,LP3 ($\theta$ Only),19,232,0.0,,0,0,0,0,0.0,0.0,100.0,0.005615734000002703,0.0032006080000428483,5.004400009056553e-05,0.10351899599982062,0.08427934800010917,0.009164141999917774,0.0001893080002446368
0.0,Linear BTL,0,42,,-1.5808458571415582,0,0,0,0,,,,0.0015937440002744552,0.0053333660002863326,0.0007781039998917549,0.32563952500004234,0.07211823899979208,0.01063756600024135,0.00021749999996245606
0.0,Linear BTL,1,43,,-6.94296987365037,0,0,0,0,,,,0.0016492839999955322,0.003164018000006763,6.0352000218699686e-05,0.09299249000014242,0.0795560720002868,0.009895367999888549,0.00019693200010806322
0.0,Linear BTL,2,45,,-2.9820200131501737,0,0,0,0,,,,0.00580823500013139,0.0039360719997603155,6.179000001793611e-05,0.08919107599967901,0.07596559500007061,0.009541390999856958,0.00019193300022379844
0.0,Linear BTL,3,48,,-0.6192847211337436,0,0,0,0,,,,0.0013127560000611993,0.003300516000308562,4.90869997520349e-05,0.09476908299984643,0.08153653799990934,0.012769795000167505,0.00027771299983214703
0.0,Linear BTL,4,52,,-0.5533799044367018,0,0,0,0,,,,0.0018820219997905951,0.0044546260000970506,6.65330003357667e-05,0.09939346900000601,0.07130889000018215,0.010974602000260347,0.00018895899984272546
0.0,Linear BTL,5,57,,-1.437551286455257,0,0,0,0,,,,0.005834155999764334,0.004903530999854411,7.282400019903434e-05,0.09100465899973642,0.08562368399998377,0.009784601000319526,0.00020843399988734745
0.0,Linear BTL,6,63,,-2.238393181766452,0,0,0,0,,,,0.001342630999715766,0.003455805000157852,4.984399993190891e-05,0.10470988399993075,0.08426453199990647,0.009300059999986843,0.00019412799974816153
0.0,Linear BTL,7,70,,-4.331098238521342,0,0,0,0,,,,0.0013104510003358882,0.002959263999855466,5.027499992138473e-05,0.09423108500004673,0.06588795000016034,0.014761334000013449,0.00020841199966525892
0.0,Linear BTL,8,78,,-3.6143567931867784,0,0,0,0,,,,0.0013903379999646859,0.0045933269998386095,6.441400000767317e-05,0.09915950200002044,0.06215467200036073,0.00965209700007108,0.00018861099988498609
0.0,Linear BTL,9,87,,-0.9551909704318131,0,0,0,0,,,,0.001298070999837364,0.0031623859999854176,4.936100003760657e-05,0.09683092199975363,0.07289036699967255,0.009438619999855291,0.0002213790003224858
0.0,Linear BTL,10,97,,-0.5860029862078229,0,0,0,0,,,,0.002287220000198431,0.003224594999664987,5.1931000143667916e-05,0.09392103000027419,0.09696398599999156,0.009471418999964953,0.00019165000003340538
0.0,Linear BTL,11,108,,-2.6819098115685436,0,0,0,0,,,,0.0013579679998656502,0.0029364430001805886,5.060100011178292e-05,0.09567822500002876,0.07769684800041432,0.009721750999688084,0.00019055000029766234
0.0,Linear BTL,12,120,,-1.8103266713646062,0,0,0,0,,,,0.006392770999809727,0.004490193000037834,7.324500029426417e-05,0.08678406300032293,0.09277251200001047,0.009846121000009589,0.00019202300018150709
0.0,Linear BTL,13,133,,-0.8255478199549211,0,0,0,0,,,,0.0013055419999545848,0.0031462460001421277,4.944600004819222e-05,0.09302104600010352,0.06689063200019518,0.00994612300019071,0.0001939560002028884
0.0,Linear BTL,14,147,,-1.9110540036603565,0,0,0,0,,,,0.001315239999712503,0.003227718999823992,4.954599990014685e-05,0.09306093500026691,0.06783197999993718,0.009533644999919488,0.0001894379997793294
0.0,Linear BTL,15,162,,-0.38684288092195174,0,0,0,0,,,,0.005694779999885213,0.0030815340001026925,9.638100027586916e-05,0.11481577799986553,0.08608269299975291,0.009658284000124695,0.00019049100001211627
0.0,Linear BTL,16,178,,-0.33549293510988354,0,0,0,0,,,,0.005967642999621603,0.003280840000115859,5.1761000122496625e-05,0.09125363800012565,0.07400120500005869,0.009564480999870284,0.00019178100001226994
0.0,Linear BTL,17,195,,-0.6872926449391101,0,0,0,0,,,,0.001302092000059929,0.0032125150000865688,4.860599983658176e-05,0.09836987099970429,0.08003350299986778,0.009478086999934021,0.00019489999976940453
0.0,Linear BTL,18,213,,-1.392938562741068,0,0,0,0,,,,0.001362410000183445,0.003450981999776559,5.0815999657061184e-05,0.09811892199968497,0.06285462000005282,0.009602042000096844,0.00019096500000159722
0.0,Linear BTL,19,232,,-1.3505403470638222,0,0,0,0,,,,0.005615734000002703,0.0032006080000428483,5.004400009056553e-05,0.10351899599982062,0.08427934800010917,0.009164141999917774,0.0001893080002446368
0.1,LP3 ($\theta$ Only),0,42,0.0,,0,0,0,0,0.0,0.0,100.0,0.0013963409996904375,0.0038421020003625017,8.562600032746559e-05,0.1301880420000998,0.048782225999730144,0.009448839000015141,0.00020381800004543038
0.1,LP3 ($\theta$ Only),1,43,0.0,,0,0,0,0,0.0,0.0,100.0,0.0014045090001673088,0.003418541999963054,4.8241000058624195e-05,0.09956819399985761,0.05137333899983787,0.010090094000133831,0.0002158249999411055
0.1,LP3 ($\theta$ Only),2,45,0.0,,0,0,0,0,0.0,0.0,100.0,0.0015579709997837199,0.0032343980001314776,4.9513999783812324e-05,0.09807629300030385,0.09266043100024035,0.015357216000211338,0.0004910049997306487
0.1,LP3 ($\theta$ Only),3,48,0.0,,0,0,0,0,0.0,0.0,100.0,0.0034497530000408005,0.007622791999892797,9.626299970477703e-05,0.09538440399956016,0.05741503599983844,0.015121937000003527,0.0001986000002034416
0.1,LP3 ($\theta$ Only),4,52,0.0,,0,0,0,0,0.0,0.0,100.0,0.0013687390000995947,0.0032130280001183564,4.890199988949462e-05,0.10037983800020811,0.06285365199983062,0.009819137999784289,0.0002034590002040204
0.1,LP3 ($\theta$ Only),5,57,0.0,,0,0,0,0,0.0,0.0,100.0,0.0020535080002446193,0.006448230999922089,5.123899973114021e-05,0.09440507099998285,0.061339099000178976,0.01016491300015332,0.00024142000029314659
0.1,LP3 ($\theta$ Only),6,63,0.0,,0,0,0,0,0.0,0.0,100.0,0.0013747190000685805,0.0030943980000301963,5.0642999667616095e-05,0.09963059999972756,0.06806076800012306,0.015602362999743491,0.0003239259999645583
0.1,LP3 ($\theta$ Only),7,70,0.0,,0,0,0,0,0.0,0.0,100.0,0.002205683999818575,0.003126142999917647,4.784599968843395e-05,0.14830344400024842,0.06775385799983269,0.0103301740000461,0.00021240700016278424
0.1,LP3 ($\theta$ Only),8,78,0.0,,0,0,0,0,0.0,0.0,100.0,0.0014636089999839896,0.0030710060000274098,5.013999998482177e-05,0.10060530000009749,0.059748508999746264,0.01272731000017302,0.0002071959997920203
0.1,LP3 ($\theta$ Only),9,87,0.0,,0,0,0,0,0.0,0.0,100.0,0.0013762749999841617,0.0035012759999517584,5.122900029164157e-05,0.09423364699978265,0.05663445100026365,0.009712300000046525,0.00019838599973809323
0.1,LP3 ($\theta$ Only),10,97,0.0,,0,0,0,0,0.0,0.0,100.0,0.0063637620000918105,0.004138776999752736,6.285500012381817e-05,0.09522421399969971,0.07056356199973379,0.015329778000250371,0.0002612859998407657
0.1,LP3 ($\theta$ Only),11,108,0.0,,0,0,0,0,0.0,0.0,100.0,0.0017302119999840215,0.00392040899987478,5.884300026082201e-05,0.11052274800022133,0.07216507499970248,0.010170553000079963,0.00021140200033187284
0.1,LP3 ($\theta$ Only),12,120,0.0,,0,0,0,0,0.0,0.0,100.0,0.0014607709999836516,0.0033151759998872876,5.0766999720508466e-05,0.09722304300021278,0.05735510600015914,0.009559006000017689,0.0002023859997279942
0.1,LP3 ($\theta$ Only),13,133,0.0,,0,0,0,0,0.0,0.0,100.0,0.00619217400026173,0.004516165000040928,7.961100027387147e-05,0.09503197000003638,0.07421076299988272,0.010424464999687189,0.00020707399971797713
0.1,LP3 ($\theta$ Only),14,147,0.0,,0,0,0,0,0.0,0.0,100.0,0.0015841910003473458,0.003044348000003083,5.3158999890001724e-05,0.11208068799987814,0.050814098000046215,0.009851227999661205,0.00019957999984399066
0.1,LP3 ($\theta$ Only),15,162,0.00036215821965799536,,0,1,0,1,3.292347451436322e-05,20.0,80.0,0.0013704980001421063,0.0031076629998096905,5.0476000069465954e-05,0.10422522099997877,0.03744507100009287,0.009702305999780947,0.0002030750001722481
0.1,LP3 ($\theta$ Only),16,178,0.0,,0,0,0,0,0.0,0.0,100.0,0.0013896099999328726,0.002834266999798274,4.899500027022441e-05,0.10131594399990718,0.06902781000007963,0.010378579999724025,0.00020768800004589139
0.1,LP3 ($\theta$ Only),17,195,0.0,,0,0,0,0,0.0,0.0,100.0,0.0013858480001545104,0.0032594920003248262,5.003199976272299e-05,0.09575995199975296,0.09926013799986322,0.00999545600006968,0.00020583400009854813
0.1,LP3 ($\theta$ Only),18,213,0.0,,0,0,0,0,0.0,0.0,100.0,0.0014942739999241894,0.0033397570000488486,5.018799993194989e-05,0.09350182099979065,0.04969585200024085,0.009616817999813065,0.0002021529999183258
0.1,LP3 ($\theta$ Only),19,232,0.0,,0,0,0,0,0.0,0.0,100.0,0.0013703969998459797,0.003187924000030762,4.83930002701527e-05,0.10209722599984161,0.04955792200007636,0.009774368999842409,0.00022771299973101122
0.1,Linear BTL,0,42,,-18.439326195693088,0,1,0,1,,,,0.0013963409996904375,0.0038421020003625017,8.562600032746559e-05,0.1301880420000998,0.048782225999730144,0.009448839000015141,0.00020381800004543038
0.1,Linear BTL,1,43,,-12.19891054282818,0,0,0,0,,,,0.0014045090001673088,0.003418541999963054,4.8241000058624195e-05,0.09956819399985761,0.05137333899983787,0.010090094000133831,0.0002158249999411055
0.1,Linear BTL,2,45,,-4.350797445490408,0,0,0,0,,,,0.0015579709997837199,0.0032343980001314776,4.9513999783812324e-05,0.09807629300030385,0.09266043100024035,0.015357216000211338,0.0004910049997306487
0.1,Linear BTL,3,48,,-11.083146293508278,0,0,0,0,,,,0.0034497530000408005,0.007622791999892797,9.626299970477703e-05,0.09538440399956016,0.05741503599983844,0.015121937000003527,0.0001986000002034416
0.1,Linear BTL,4,52,,-7.6134209235321215,0,1,0,1,,,,0.0013687390000995947,0.0032130280001183564,4.890199988949462e-05,0.10037983800020811,0.06285365199983062,0.009819137999784289,0.0002034590002040204
0.1,Linear BTL,5,57,,-14.785074797402432,0,0,0,0,,,,0.0020535080002446193,0.006448230999922089,5.123899973114021e-05,0.09440507099998285,0.061339099000178976,0.01016491300015332,0.00024142000029314659
0.1,Linear BTL,6,63,,-25.212733119291215,0,0,0,0,,,,0.0013747190000685805,0.0030943980000301963,5.0642999667616095e-05,0.09963059999972756,0.06806076800012306,0.015602362999743491,0.0003239259999645583
0.1,Linear BTL,7,70,,-21.178183482574607,0,1,0,1,,,,0.002205683999818575,0.003126142999917647,4.784599968843395e-05,0.14830344400024842,0.06775385799983269,0.0103301740000461,0.00021240700016278424
0.1,Linear BTL,8,78,,-18.827999626687365,0,1,0,1,,,,0.0014636089999839896,0.0030710060000274098,5.013999998482177e-05,0.10060530000009749,0.059748508999746264,0.01272731000017302,0.0002071959997920203
0.1,Linear BTL,9,87,,-11.051571573776888,0,0,0,0,,,,0.0013762749999841617,0.0035012759999517584,5.122900029164157e-05,0.09423364699978265,0.05663445100026365,0.009712300000046525,0.00019838599973809323
0.1,Linear BTL,10,97,,-17.719488215738412,0,2,0,2,,,,0.0063637620000918105,0.004138776999752736,6.285500012381817e-05,0.09522421399969971,0.07056356199973379,0.015329778000250371,0.0002612859998407657
0.1,Linear BTL,11,108,,-7.396961727775064,0,1,0,1,,,,0.0017302119999840215,0.00392040899987478,5.884300026082201e-05,0.11052274800022133,0.07216507499970248,0.010170553000079963,0.00021140200033187284
0.1,Linear BTL,12,120,,-21.713807866166704,0,0,0,0,,,,0.0014607709999836516,0.0033151759998872876,5.0766999720508466e-05,0.09722304300021278,0.05735510600015914,0.009559006000017689,0.0002023859997279942
0.1,Linear BTL,13,133,,-16.89955487261685,0,2,1,1,,,,0.00619217400026173,0.004516165000040928,7.961100027387147e-05,0.09503197000003638,0.07421076299988272,0.010424464999687189,0.00020707399971797713
0.1,Linear BTL,14,147,,-33.93663171407683,0,0,0,0,,,,0.0015841910003473458,0.003044348000003083,5.3158999890001724e-05,0.11208068799987814,0.050814098000046215,0.009851227999661205,0.00019957999984399066
0.1,Linear BTL,15,162,,-33.59400244677539,0,1,0,1,,,,0.0013704980001421063,0.0031076629998096905,5.0476000069465954e-05,0.10422522099997877,0.03744507100009287,0.009702305999780947,0.0002030750001722481
0.1,Linear BTL,16,178,,-25.67734250384232,0,2,0,2,,,,0.0013896099999328726,0.002834266999798274,4.899500027022441e-05,0.10131594399990718,0.06902781000007963,0.010378579999724025,0.00020768800004589139
0.1,Linear BTL,17,195,,-7.1165908844511945,0,0,0,0,,,,0.0013858480001545104,0.0032594920003248262,5.003199976272299e-05,0.09575995199975296,0.09926013799986322,0.00999545600006968,0.00020583400009854813
0.1,Linear BTL,18,213,,-16.872513787603328,0,2,0,2,,,,0.0014942739999241894,0.0033397570000488486,5.018799993194989e-05,0.09350182099979065,0.04969585200024085,0.009616817999813065,0.0002021529999183258
0.1,Linear BTL,19,232,,-26.24949049866678,0,1,1,0,,,,0.0013703969998459797,0.003187924000030762,4.83930002701527e-05,0.10209722599984161,0.04955792200007636,0.009774368999842409,0.00022771299973101122
0.2,LP3 ($\theta$ Only),0,42,0.0011499699916271667,,2,4,1,3,8.550957344160351e-05,60.0,40.0,0.0015168120003181684,0.004467084999760118,0.00039028399987728335,0.11733938500037766,0.042831663000015396,0.00930590799998754,0.0001906960001178959
0.2,LP3 ($\theta$ Only),1,43,0.0,,0,0,0,0,0.0,0.0,100.0,0.0013646530001096835,0.0030049270003473794,4.919499997413368e-05,0.107014910000089,0.07368555599987303,0.009889409000152227,0.0002012460004152672
0.2,LP3 ($\theta$ Only),2,45,0.0,,0,0,0,0,0.0,0.0,100.0,0.0013676079997821944,0.0032054230000539974,4.9697999656928005e-05,0.09326302099998429,0.041892850999829534,0.00940642800014757,0.00020090499992875266
0.2,LP3 ($\theta$ Only),3,48,0.0,,0,0,0,0,0.0,0.0,100.0,0.0013751280002907151,0.00316840499999671,4.895599977317033e-05,0.10218404399984138,0.05213521099994978,0.00998479200006841,0.000260769000306027
0.2,LP3 ($\theta$ Only),4,52,0.0,,0,0,0,0,0.0,0.0,100.0,0.0013628209999296814,0.0032007479999265342,5.099700001665042e-05,0.10040117700009432,0.05156395199992403,0.009166245999949751,0.00020138600029895315
0.2,LP3 ($\theta$ Only),5,57,0.0,,0,0,0,0,0.0,0.0,100.0,0.0013542130000132602,0.0031883070000731095,4.841899999519228e-05,0.09844279499975528,0.06421091399988654,0.010047645999748056,0.00020397599973875913
0.2,LP3 ($\theta$ Only),6,63,0.0,,0,0,0,0,0.0,0.0,100.0,0.0013847160003024328,0.006600645000162331,0.00010446000032970915,0.32609919300011825,0.06134257100029572,0.00991631300030349,0.00021655900036421372
0.2,LP3 ($\theta$ Only),7,70,0.0,,0,0,0,0,0.0,0.0,100.0,0.006307421999736107,0.00452839599984145,7.182900026236894e-05,0.09518274099991686,0.06409505100009483,0.009660967999934655,0.00020394800003487035
0.2,LP3 ($\theta$ Only),8,78,0.0011856435572455486,,0,5,1,4,0.00010465454547567794,60.0,40.0,0.00136178499997186,0.003150832000301307,4.9606000175117515e-05,0.10218736999968314,0.05490297100004682,0.010448503999668901,0.00023298099995372468
0.2,LP3 ($\theta$ Only),9,87,0.0,,0,0,0,0,0.0,0.0,100.0,0.0014710509999531496,0.003103724000084185,4.967400036548497e-05,0.09658690300011585,0.0625630990002719,0.009685827999874164,0.00019884899984390358
0.2,LP3 ($\theta$ Only),10,97,0.0,,0,0,0,0,0.0,0.0,100.0,0.0013629720001517853,0.0043856440001945884,5.049699984738254e-05,0.10725344499996936,0.056628240999998525,0.010321047000161343,0.0002010109997172549
0.2,LP3 ($\theta$ Only),11,108,0.0,,0,0,0,0,0.0,0.0,100.0,0.001474092000080418,0.006729300999722909,9.871800011751475e-05,0.10401835299990125,0.06610923900007037,0.012145551000230626,0.00021214100024735671
0.2,LP3 ($\theta$ Only),12,120,0.0013848349239982496,,0,4,1,3,0.000132934375035076,80.0,20.0,0.001433112000086112,0.0036240160002307675,5.2553999921656214e-05,0.1075757280000289,0.05209465799998725,0.010105712000040512,0.00020244300003469107
0.2,LP3 ($\theta$ Only),13,133,0.00028988867394441284,,1,1,1,0,2.635351581312844e-05,10.0,90.0,0.0013590549997388734,0.003322474000015063,0.00023288900001716684,0.09368624599983377,0.04538681500025632,0.012926842000069882,0.00021763499989901902
0.2,LP3 ($\theta$ Only),14,147,0.0,,2,0,0,0,0.0,0.0,100.0,0.0024156399999810674,0.005611627000234876,0.00023025700011203298,0.09535888200025511,0.05233912899984716,0.009256858000298962,0.00019622199988589273
0.2,LP3 ($\theta$ Only),15,162,0.0,,0,0,0,0,0.0,0.0,100.0,0.0014026999997440726,0.0034897660002570774,4.876299999523326e-05,0.10091872499970123,0.05123028100024385,0.009405386000253202,0.0002026990000558726
0.2,LP3 ($\theta$ Only),16,178,0.0010864221000542777,,0,3,1,2,0.00010491269656773372,80.0,20.0,0.0014028489999873273,0.0035473760003696952,4.982900009053992e-05,0.09388586899967777,0.060181264000220835,0.00960449099966354,0.00020206499993946636
0.2,LP3 ($\theta$ Only),17,195,0.0,,0,0,0,0,0.0,0.0,100.0,0.001362999999855674,0.0032342419999622507,5.050999970990233e-05,0.10047788199972274,0.061827939000068,0.014417415000025358,0.00022077499988881755
0.2,LP3 ($\theta$ Only),18,213,0.0,,0,0,0,0,0.0,0.0,100.0,0.0014575179998246313,0.003479375000097207,5.953800018687616e-05,0.10910773800014795,0.05276076699965415,0.01155591499991715,0.0002260450000903802
0.2,LP3 ($\theta$ Only),19,232,0.00035901814619397507,,0,1,0,1,3.2638013290361374e-05,10.0,90.0,0.0014939810002942977,0.0034052159999191645,5.738600020777085e-05,0.09911697699999422,0.0573934899998676,0.010146051999981864,0.00020876700000371784
0.2,Linear BTL,0,42,,-42.1136711489673,2,4,0,4,,,,0.0015168120003181684,0.004467084999760118,0.00039028399987728335,0.11733938500037766,0.042831663000015396,0.00930590799998754,0.0001906960001178959
0.2,Linear BTL,1,43,,-28.40740650527381,0,0,0,0,,,,0.0013646530001096835,0.0030049270003473794,4.919499997413368e-05,0.107014910000089,0.07368555599987303,0.009889409000152227,0.0002012460004152672
0.2,Linear BTL,2,45,,-23.380306122202356,0,2,0,2,,,,0.0013676079997821944,0.0032054230000539974,4.9697999656928005e-05,0.09326302099998429,0.041892850999829534,0.00940642800014757,0.00020090499992875266
0.2,Linear BTL,3,48,,-31.142664827388234,0,4,0,4,,,,0.0013751280002907151,0.00316840499999671,4.895599977317033e-05,0.10218404399984138,0.05213521099994978,0.00998479200006841,0.000260769000306027
0.2,Linear BTL,4,52,,-15.308579447295415,0,1,0,1,,,,0.0013628209999296814,0.0032007479999265342,5.099700001665042e-05,0.10040117700009432,0.05156395199992403,0.009166245999949751,0.00020138600029895315
0.2,Linear BTL,5,57,,-40.833018187322864,0,2,0,2,,,,0.0013542130000132602,0.0031883070000731095,4.841899999519228e-05,0.09844279499975528,0.06421091399988654,0.010047645999748056,0.00020397599973875913
0.2,Linear BTL,6,63,,-41.91528553341995,0,2,0,2,,,,0.0013847160003024328,0.006600645000162331,0.00010446000032970915,0.32609919300011825,0.06134257100029572,0.00991631300030349,0.00021655900036421372
0.2,Linear BTL,7,70,,-31.61367042770905,0,3,0,3,,,,0.006307421999736107,0.00452839599984145,7.182900026236894e-05,0.09518274099991686,0.06409505100009483,0.009660967999934655,0.00020394800003487035
0.2,Linear BTL,8,78,,-31.87153151092047,0,6,2,4,,,,0.00136178499997186,0.003150832000301307,4.9606000175117515e-05,0.10218736999968314,0.05490297100004682,0.010448503999668901,0.00023298099995372468
0.2,Linear BTL,9,87,,-18.62887497502649,0,0,0,0,,,,0.0014710509999531496,0.003103724000084185,4.967400036548497e-05,0.09658690300011585,0.0625630990002719,0.009685827999874164,0.00019884899984390358
0.2,Linear BTL,10,97,,-23.527658425250586,0,1,0,1,,,,0.0013629720001517853,0.0043856440001945884,5.049699984738254e-05,0.10725344499996936,0.056628240999998525,0.010321047000161343,0.0002010109997172549
0.2,Linear BTL,11,108,,-26.006818276049188,0,1,0,1,,,,0.001474092000080418,0.006729300999722909,9.871800011751475e-05,0.10401835299990125,0.06610923900007037,0.012145551000230626,0.00021214100024735671
0.2,Linear BTL,12,120,,-43.12780529569371,0,7,2,5,,,,0.001433112000086112,0.0036240160002307675,5.2553999921656214e-05,0.1075757280000289,0.05209465799998725,0.010105712000040512,0.00020244300003469107
0.2,Linear BTL,13,133,,-32.84130880606869,1,3,1,2,,,,0.0013590549997388734,0.003322474000015063,0.00023288900001716684,0.09368624599983377,0.04538681500025632,0.012926842000069882,0.00021763499989901902
0.2,Linear BTL,14,147,,-50.629621806627405,2,2,0,2,,,,0.0024156399999810674,0.005611627000234876,0.00023025700011203298,0.09535888200025511,0.05233912899984716,0.009256858000298962,0.00019622199988589273
0.2,Linear BTL,15,162,,-53.97807182323543,0,3,1,2,,,,0.0014026999997440726,0.0034897660002570774,4.876299999523326e-05,0.10091872499970123,0.05123028100024385,0.009405386000253202,0.0002026990000558726
0.2,Linear BTL,16,178,,-34.75935295825985,0,7,1,6,,,,0.0014028489999873273,0.0035473760003696952,4.982900009053992e-05,0.09388586899967777,0.060181264000220835,0.00960449099966354,0.00020206499993946636
0.2,Linear BTL,17,195,,-19.476413542996454,0,1,0,1,,,,0.001362999999855674,0.0032342419999622507,5.050999970990233e-05,0.10047788199972274,0.061827939000068,0.014417415000025358,0.00022077499988881755
0.2,Linear BTL,18,213,,-31.07460985416123,0,1,0,1,,,,0.0014575179998246313,0.003479375000097207,5.953800018687616e-05,0.10910773800014795,0.05276076699965415,0.01155591499991715,0.0002260450000903802
0.2,Linear BTL,19,232,,-36.36285965462733,0,2,1,1,,,,0.0014939810002942977,0.0034052159999191645,5.738600020777085e-05,0.09911697699999422,0.0573934899998676,0.010146051999981864,0.00020876700000371784
0.3,LP3 ($\theta$ Only),0,42,0.0010875763561731529,,3,5,0,5,6.977624192602867e-05,80.0,20.0,0.0016972430003079353,0.0036017379998156684,0.00017870600004243897,0.10322904899976493,0.05977274999986548,0.013734503000250697,0.0003251379998800985
0.3,LP3 ($\theta$ Only),1,43,0.00022515229360094312,,0,1,0,1,2.0468390327358466e-05,10.0,90.0,0.002266158999645995,0.004112489999897662,5.021700008001062e-05,0.10196096900017437,0.06093352300013066,0.01803895700004432,0.0002489510002305906
0.3,LP3 ($\theta$ Only),2,45,0.0014089797939220861,,0,4,3,1,0.00011718384481151448,70.0,30.0,0.0016799960003481829,0.005718687999888061,9.020600009534974e-05,0.10730218100025013,0.06384972999967431,0.016153600000052393,0.00040530300020691357
0.3,LP3 ($\theta$ Only),3,48,0.0,,0,0,0,0,0.0,0.0,100.0,0.0024041540000325767,0.006196074999934353,8.805300012681982e-05,0.11602724900012618,0.06113977600034559,0.01172047400041265,0.00020420199962245533
0.3,LP3 ($\theta$ Only),4,52,0.00037925543696415334,,0,2,0,2,3.797131375883533e-05,50.0,50.0,0.0055493929999101965,0.003178360000219982,5.2536999646690674e-05,0.10975591599981271,0.05742830700000923,0.010638675999871339,0.000422196000272379
0.3,LP3 ($\theta$ Only),5,57,0.0012461644509283568,,0,4,1,3,9.879114699631532e-05,80.0,20.0,0.0014893699999447563,0.0037980619999871124,5.34270002390258e-05,0.10453185899996242,0.06801197999993747,0.010433485000248766,0.00022215999979380285
0.3,LP3 ($\theta$ Only),6,63,0.0,,3,0,0,0,0.0,0.0,100.0,0.0016184749997592007,0.0035471119999783696,0.00018359299974690657,0.09890507499994783,0.04928586799996992,0.009157811000022775,0.00020724399973914842
0.3,LP3 ($\theta$ Only),7,70,0.0,,0,0,0,0,0.0,0.0,100.0,0.001540914000088378,0.003541942000083509,5.0767000175255816e-05,0.10408243199981371,0.06448886999987735,0.010794454000006226,0.0002149399997506407
0.3,LP3 ($\theta$ Only),8,78,0.0011346241058181998,,0,5,2,3,7.037000828030394e-05,50.0,50.0,0.0015235020000545774,0.0031190360000437067,4.969500014340156e-05,0.12230900399981692,0.06630379899979744,0.01183197599993946,0.0002131060000465368
0.3,LP3 ($\theta$ Only),9,87,0.0,,0,0,0,0,0.0,0.0,100.0,0.0014360400000441587,0.003906299999925977,6.0184000176377594e-05,0.09982068300041647,0.059938281000086135,0.010322035999706713,0.00020682600006693974
0.3,LP3 ($\theta$ Only),10,97,0.0,,0,0,0,0,0.0,0.0,100.0,0.006004546999974991,0.0034266630000274745,0.00010006000002249493,0.10689766600035,0.07442259299978105,0.010234631999992416,0.00020172600034129573
0.3,LP3 ($\theta$ Only),11,108,0.0,,0,0,0,0,0.0,0.0,100.0,0.00136785399990913,0.0032392119996984547,4.894999983662274e-05,0.09952195400001074,0.062265878999824054,0.009609155999896757,0.00020606899988706573
0.3,LP3 ($\theta$ Only),12,120,0.0021366894263882006,,0,8,6,2,0.00017212203157423658,90.0,10.0,0.0014218930000424734,0.0031810340001356963,4.893000004813075e-05,0.10146721899991462,0.04022774299983212,0.009718171000258735,0.00022265799998422153
0.3,LP3 ($\theta$ Only),13,133,0.0008061864060184932,,0,3,0,3,8.038616591914085e-05,80.0,20.0,0.005690109000170196,0.004311560000132886,6.555799973284593e-05,0.09074495200002275,0.044914258000062546,0.010188743000071554,0.00021919599976172321
0.3,LP3 ($\theta$ Only),14,147,0.0,,2,0,0,0,0.0,0.0,100.0,0.0014597800000046846,0.003556406999905448,0.00017413699970347807,0.09804436200010969,0.05562399600012213,0.008800649000022531,0.000191759999779606
0.3,LP3 ($\theta$ Only),15,162,0.0014376461440809396,,3,7,1,6,8.275973098041862e-05,70.0,30.0,0.0013730259997828398,0.0033934349999071856,0.00016723099997761892,0.10035479899988786,0.055027633999998216,0.012487768000028154,0.00019086599968431983
0.3,LP3 ($\theta$ Only),16,178,0.0007823925188903733,,1,2,1,1,6.203568353548848e-05,50.0,50.0,0.0014099899999564514,0.0035030620001634816,0.0001853290000326524,0.09208393700009765,0.04968203300040841,0.009439473999918846,0.00020095799982300377
0.3,LP3 ($\theta$ Only),17,195,0.0,,0,0,0,0,0.0,0.0,100.0,0.0013758460004282824,0.0033114839998233947,5.0009000005957205e-05,0.09738496299996768,0.054349007999917376,0.0103007500001695,0.00020610899991879705
0.3,LP3 ($\theta$ Only),18,213,0.0007554678315083163,,0,4,1,3,8.561687059776849e-05,70.0,30.0,0.0014458270002251083,0.0031501140001637395,5.067200027042418e-05,0.09766772900002252,0.0558520269996734,0.00968353999996907,0.00020295000012993114
0.3,LP3 ($\theta$ Only),19,232,0.0,,2,0,0,0,0.0,0.0,100.0,0.001369674999750714,0.0032242269999187556,0.00018217499973616214,0.10077333600020211,0.045828394000182016,0.009697305999907258,0.00020295100011935574
0.3,Linear BTL,0,42,,-53.59870293058984,3,6,0,6,,,,0.0016972430003079353,0.0036017379998156684,0.00017870600004243897,0.10322904899976493,0.05977274999986548,0.013734503000250697,0.0003251379998800985
0.3,Linear BTL,1,43,,-43.797744440115686,0,3,0,3,,,,0.002266158999645995,0.004112489999897662,5.021700008001062e-05,0.10196096900017437,0.06093352300013066,0.01803895700004432,0.0002489510002305906
0.3,Linear BTL,2,45,,-52.28733043095059,0,4,2,2,,,,0.0016799960003481829,0.005718687999888061,9.020600009534974e-05,0.10730218100025013,0.06384972999967431,0.016153600000052393,0.00040530300020691357
0.3,Linear BTL,3,48,,-37.6075105790595,0,3,0,3,,,,0.0024041540000325767,0.006196074999934353,8.805300012681982e-05,0.11602724900012618,0.06113977600034559,0.01172047400041265,0.00020420199962245533
0.3,Linear BTL,4,52,,-40.42352682183384,0,2,0,2,,,,0.0055493929999101965,0.003178360000219982,5.2536999646690674e-05,0.10975591599981271,0.05742830700000923,0.010638675999871339,0.000422196000272379
0.3,Linear BTL,5,57,,-51.47486604183579,0,4,1,3,,,,0.0014893699999447563,0.0037980619999871124,5.34270002390258e-05,0.10453185899996242,0.06801197999993747,0.010433485000248766,0.00022215999979380285
0.3,Linear BTL,6,63,,-59.15073836216845,3,3,1,2,,,,0.0016184749997592007,0.0035471119999783696,0.00018359299974690657,0.09890507499994783,0.04928586799996992,0.009157811000022775,0.00020724399973914842
0.3,Linear BTL,7,70,,-38.55617347148786,0,2,0,2,,,,0.001540914000088378,0.003541942000083509,5.0767000175255816e-05,0.10408243199981371,0.06448886999987735,0.010794454000006226,0.0002149399997506407
0.3,Linear BTL,8,78,,-43.873436514564126,0,6,2,4,,,,0.0015235020000545774,0.0031190360000437067,4.969500014340156e-05,0.12230900399981692,0.06630379899979744,0.01183197599993946,0.0002131060000465368
0.3,Linear BTL,9,87,,-31.556838338473305,0,1,0,1,,,,0.0014360400000441587,0.003906299999925977,6.0184000176377594e-05,0.09982068300041647,0.059938281000086135,0.010322035999706713,0.00020682600006693974
0.3,Linear BTL,10,97,,-48.31051616152035,0,1,0,1,,,,0.006004546999974991,0.0034266630000274745,0.00010006000002249493,0.10689766600035,0.07442259299978105,0.010234631999992416,0.00020172600034129573
0.3,Linear BTL,11,108,,-45.000711097789875,0,1,1,0,,,,0.00136785399990913,0.0032392119996984547,4.894999983662274e-05,0.09952195400001074,0.062265878999824054,0.009609155999896757,0.00020606899988706573
0.3,Linear BTL,12,120,,-65.63634489822532,0,9,5,4,,,,0.0014218930000424734,0.0031810340001356963,4.893000004813075e-05,0.10146721899991462,0.04022774299983212,0.009718171000258735,0.00022265799998422153
0.3,Linear BTL,13,133,,-37.5437736234937,0,3,0,3,,,,0.005690109000170196,0.004311560000132886,6.555799973284593e-05,0.09074495200002275,0.044914258000062546,0.010188743000071554,0.00021919599976172321
0.3,Linear BTL,14,147,,-66.78520657407728,2,5,0,5,,,,0.0014597800000046846,0.003556406999905448,0.00017413699970347807,0.09804436200010969,0.05562399600012213,0.008800649000022531,0.000191759999779606
0.3,Linear BTL,15,162,,-66.62090958061772,3,6,1,5,,,,0.0013730259997828398,0.0033934349999071856,0.00016723099997761892,0.10035479899988786,0.055027633999998216,0.012487768000028154,0.00019086599968431983
0.3,Linear BTL,16,178,,-49.901278105631455,1,4,0,4,,,,0.0014099899999564514,0.0035030620001634816,0.0001853290000326524,0.09208393700009765,0.04968203300040841,0.009439473999918846,0.00020095799982300377
0.3,Linear BTL,17,195,,-31.170635721758288,0,2,0,2,,,,0.0013758460004282824,0.0033114839998233947,5.0009000005957205e-05,0.09738496299996768,0.054349007999917376,0.0103007500001695,0.00020610899991879705
0.3,Linear BTL,18,213,,-46.255490227303774,0,4,0,4,,,,0.0014458270002251083,0.0031501140001637395,5.067200027042418e-05,0.09766772900002252,0.0558520269996734,0.00968353999996907,0.00020295000012993114
0.3,Linear BTL,19,232,,-48.49526053202012,2,2,0,2,,,,0.001369674999750714,0.0032242269999187556,0.00018217499973616214,0.10077333600020211,0.045828394000182016,0.009697305999907258,0.00020295100011935574
0.4,LP3 ($\theta$ Only),0,42,0.0015702025341057743,,2,6,3,3,0.0001345003193256149,90.0,10.0,0.0016089929999907326,0.003470884999842383,0.00019002599992745672,0.08708415799992508,0.062119954000081634,0.009430905999579409,0.00019265200035079033
0.4,LP3 ($\theta$ Only),1,43,0.000305620967881327,,0,1,0,1,2.7783724352847907e-05,20.0,80.0,0.001496533000135969,0.0033912270000655553,8.141999978761305e-05,0.09776636099968528,0.06214286700014782,0.009665519000009226,0.00020145500002399785
0.4,LP3 ($\theta$ Only),2,45,0.0006553970162467133,,0,2,0,2,6.125790891736539e-05,50.0,50.0,0.006092579000323894,0.004683690000092611,6.571100038854638e-05,0.09303577699984089,0.06225500100026693,0.009786740999970789,0.00020453900015127147
0.4,LP3 ($\theta$ Only),3,48,0.0,,0,0,0,0,0.0,0.0,100.0,0.0013712309996662952,0.003326001000004908,4.953899997417466e-05,0.09488311899986002,0.043173065000246424,0.009692414000255667,0.00020165500018265448
0.4,LP3 ($\theta$ Only),4,52,0.0009303183441032039,,0,2,0,2,9.102729994555042e-05,70.0,30.0,0.006068889999824023,0.003953794000153721,6.534399972224492e-05,0.08849931199983985,0.06747623599994768,0.010857443000077183,0.00020338500007710536
0.4,LP3 ($\theta$ Only),5,57,0.002119849913131102,,1,5,1,4,0.00016261683827540368,90.0,10.0,0.0014090800000303716,0.0033613659998081857,0.0001741010000841925,0.09480344399980822,0.043202840000049036,0.009352466999644093,0.00019784699998126598
0.4,LP3 ($\theta$ Only),6,63,0.00045264751431341806,,3,1,0,1,4.1149774028492554e-05,10.0,90.0,0.005521907000002102,0.004166295999766589,0.00026126400007342454,0.0881217550004294,0.07679908699992666,0.00969987200005562,0.00018816200008586748
0.4,LP3 ($\theta$ Only),7,70,0.0008663508993438493,,2,2,0,2,7.293529115414335e-05,30.0,70.0,0.0013664719999724184,0.00322920200005683,0.0001760430000103952,0.09656235500006005,0.04556112799991752,0.013085057999887795,0.0002251050000268151
0.4,LP3 ($\theta$ Only),8,78,0.000554204604270001,,1,2,1,1,5.038223675181827e-05,50.0,50.0,0.0015719520001766796,0.0038693669998792757,0.00021212799993008957,0.09661001499989652,0.0393701120001424,0.00955630199996449,0.00019900500001313048
0.4,LP3 ($\theta$ Only),9,87,0.0007227736351436729,,0,2,0,2,4.7680155464143326e-05,30.0,70.0,0.001358514000003197,0.003092157000082807,4.9603999741520965e-05,0.09996029199965051,0.058800015000088024,0.01170405099992422,0.00024029299993344466
0.4,LP3 ($\theta$ Only),10,97,0.0008581910264869977,,0,3,0,3,7.282555568574295e-05,50.0,50.0,0.001711409000108688,0.0033764079998945817,5.3558999752567615e-05,0.10162026699981652,0.05868206800005282,0.009647608999785007,0.0002009390000239364
0.4,LP3 ($\theta$ Only),11,108,0.0,,0,0,0,0,0.0,0.0,100.0,0.001384023999889905,0.002939204000085738,4.913800012218417e-05,0.09735562800005937,0.057204537999950844,0.016573925000102463,0.00037399300026663695
0.4,LP3 ($\theta$ Only),12,120,0.0014950158576813376,,0,5,3,2,0.00011203090384731131,70.0,30.0,0.0024918100002651045,0.0031967059999260528,5.03270002809586e-05,0.09464956000010716,0.047506395000255,0.013618326000141678,0.00030946899960326846
0.4,LP3 ($\theta$ Only),13,133,0.0005798628176296661,,1,3,0,3,7.364874219067944e-05,80.0,20.0,0.0020290460001888277,0.0045536689999607916,0.00019565299999158015,0.37419491299988294,0.04921844299997247,0.010322269999960554,0.0002616549995764217
0.4,LP3 ($\theta$ Only),14,147,0.0005725168141420665,,4,2,0,2,5.204698310382423e-05,50.0,50.0,0.001481279000017821,0.0034827479998966737,0.00017459299988331622,0.10250488500014399,0.04192639000029885,0.00924834900024507,0.00019436799993854947
0.4,LP3 ($\theta$ Only),15,162,0.0007132816438212522,,5,1,0,1,6.484378580193202e-05,30.0,70.0,0.0014347420001286082,0.0032495519999429234,0.00023663899992243387,0.09235332500020377,0.07113725199997134,0.01074767799991605,0.00038468399998237146
0.4,LP3 ($\theta$ Only),16,178,0.0,,2,0,0,0,0.0,0.0,100.0,0.0023384179999084154,0.004797237999810022,0.0002372710000599909,0.10646588500003418,0.04423996899959093,0.009055683000042336,0.00019096000005447422
0.4,LP3 ($\theta$ Only),17,195,0.00032422293316655525,,0,1,0,1,2.496299681745503e-05,20.0,80.0,0.00599501800024882,0.004830206999940856,6.492500006061164e-05,0.08546021199981624,0.06491751099974863,0.012844424999912007,0.00022195799965629703
0.4,LP3 ($\theta$ Only),18,213,0.00040935229623776363,,0,1,0,1,3.9935381388668656e-05,40.0,60.0,0.0017181449998133758,0.0032550810001339414,5.556799987971317e-05,0.11121477799997592,0.061991221999960544,0.009578805999808537,0.00020158799998171162
0.4,LP3 ($\theta$ Only),19,232,0.0010690208402581985,,3,5,2,3,7.625556924971596e-05,50.0,50.0,0.0013759459998254897,0.0031281579999813403,0.00016871799971340806,0.09168002100022932,0.041232921999835526,0.013023890999647847,0.0003729330001078779
0.4,Linear BTL,0,42,,-65.07355458687663,2,6,3,3,,,,0.0016089929999907326,0.003470884999842383,0.00019002599992745672,0.08708415799992508,0.062119954000081634,0.009430905999579409,0.00019265200035079033
0.4,Linear BTL,1,43,,-50.242641924914956,0,3,0,3,,,,0.001496533000135969,0.0033912270000655553,8.141999978761305e-05,0.09776636099968528,0.06214286700014782,0.009665519000009226,0.00020145500002399785
0.4,Linear BTL,2,45,,-36.685431127475056,0,4,0,4,,,,0.006092579000323894,0.004683690000092611,6.571100038854638e-05,0.09303577699984089,0.06225500100026693,0.009786740999970789,0.00020453900015127147
0.4,Linear BTL,3,48,,-46.50915527011073,0,4,0,4,,,,0.0013712309996662952,0.003326001000004908,4.953899997417466e-05,0.09488311899986002,0.043173065000246424,0.009692414000255667,0.00020165500018265448
0.4,Linear BTL,4,52,,-53.74020668273033,0,2,0,2,,,,0.006068889999824023,0.003953794000153721,6.534399972224492e-05,0.08849931199983985,0.06747623599994768,0.010857443000077183,0.00020338500007710536
0.4,Linear BTL,5,57,,-70.42439211123083,1,6,1,5,,,,0.0014090800000303716,0.0033613659998081857,0.0001741010000841925,0.09480344399980822,0.043202840000049036,0.009352466999644093,0.00019784699998126598
0.4,Linear BTL,6,63,,-63.582665391230464,3,5,0,5,,,,0.005521907000002102,0.004166295999766589,0.00026126400007342454,0.0881217550004294,0.07679908699992666,0.00969987200005562,0.00018816200008586748
0.4,Linear BTL,7,70,,-52.62240342759217,2,5,0,5,,,,0.0013664719999724184,0.00322920200005683,0.0001760430000103952,0.09656235500006005,0.04556112799991752,0.013085057999887795,0.0002251050000268151
0.4,Linear BTL,8,78,,-52.93982576445719,1,4,1,3,,,,0.0015719520001766796,0.0038693669998792757,0.00021212799993008957,0.09661001499989652,0.0393701120001424,0.00955630199996449,0.00019900500001313048
0.4,Linear BTL,9,87,,-41.33627548330875,0,4,0,4,,,,0.001358514000003197,0.003092157000082807,4.9603999741520965e-05,0.09996029199965051,0.058800015000088024,0.01170405099992422,0.00024029299993344466
0.4,Linear BTL,10,97,,-55.73741362297359,0,3,0,3,,,,0.001711409000108688,0.0033764079998945817,5.3558999752567615e-05,0.10162026699981652,0.05868206800005282,0.009647608999785007,0.0002009390000239364
0.4,Linear BTL,11,108,,-55.644477599106025,0,1,0,1,,,,0.001384023999889905,0.002939204000085738,4.913800012218417e-05,0.09735562800005937,0.057204537999950844,0.016573925000102463,0.00037399300026663695
0.4,Linear BTL,12,120,,-57.27801026834577,0,7,2,5,,,,0.0024918100002651045,0.0031967059999260528,5.03270002809586e-05,0.09464956000010716,0.047506395000255,0.013618326000141678,0.00030946899960326846
0.4,Linear BTL,13,133,,-56.82936487420051,1,2,0,2,,,,0.0020290460001888277,0.0045536689999607916,0.00019565299999158015,0.37419491299988294,0.04921844299997247,0.010322269999960554,0.0002616549995764217
0.4,Linear BTL,14,147,,-77.84559934964227,4,2,0,2,,,,0.001481279000017821,0.0034827479998966737,0.00017459299988331622,0.10250488500014399,0.04192639000029885,0.00924834900024507,0.00019436799993854947
0.4,Linear BTL,15,162,,-65.87419691097868,5,5,0,5,,,,0.0014347420001286082,0.0032495519999429234,0.00023663899992243387,0.09235332500020377,0.07113725199997134,0.01074767799991605,0.00038468399998237146
0.4,Linear BTL,16,178,,-55.596831444696434,2,2,1,1,,,,0.0023384179999084154,0.004797237999810022,0.0002372710000599909,0.10646588500003418,0.04423996899959093,0.009055683000042336,0.00019096000005447422
0.4,Linear BTL,17,195,,-41.813275038048225,0,3,0,3,,,,0.00599501800024882,0.004830206999940856,6.492500006061164e-05,0.08546021199981624,0.06491751099974863,0.012844424999912007,0.00022195799965629703
0.4,Linear BTL,18,213,,-54.32334489990683,0,1,0,1,,,,0.0017181449998133758,0.0032550810001339414,5.556799987971317e-05,0.11121477799997592,0.061991221999960544,0.009578805999808537,0.00020158799998171162
0.4,Linear BTL,19,232,,-64.18084757930562,3,6,1,5,,,,0.0013759459998254897,0.0031281579999813403,0.00016871799971340806,0.09168002100022932,0.041232921999835526,0.013023890999647847,0.0003729330001078779
0.5,LP3 ($\theta$ Only),0,42,0.002021586552991249,,5,7,2,5,0.00013444162453724886,90.0,10.0,0.002673202000096353,0.0035342199998922297,0.00020427500021469314,0.0797282720000112,0.04551028000014412,0.00860783400003129,0.00018374899991613347
0.5,LP3 ($\theta$ Only),1,43,0.0,,2,0,0,0,0.0,0.0,100.0,0.0013878220001970476,0.0033058630001505662,0.0002162599998882797,0.09836142200038012,0.04801582199979748,0.018676230999972177,0.00020066400020368746
0.5,LP3 ($\theta$ Only),2,45,0.0015221665384512685,,0,5,0,5,0.0001243398958128103,90.0,10.0,0.0014109430003372836,0.00365045500029737,7.763499979773769e-05,0.1120319289998406,0.06850764899991191,0.010496585000055347,0.00021365799966588384
0.5,LP3 ($\theta$ Only),3,48,0.0,,0,0,0,0,0.0,0.0,100.0,0.0017019830002027447,0.0031426789996658044,4.8552999942330644e-05,0.10386822800001028,0.05309200800002145,0.009903009000026941,0.00020721900000353344
0.5,LP3 ($\theta$ Only),4,52,0.0,,1,0,0,0,0.0,0.0,100.0,0.0014410580001822382,0.0036105969998061482,0.00018852099992727744,0.1130749389999437,0.04939102099979209,0.015089908999925683,0.0004634480001186603
0.5,LP3 ($\theta$ Only),5,57,0.0013887966627209752,,0,5,1,4,0.00010058108969275293,60.0,40.0,0.007080550999944535,0.003418729000259191,5.1975999667774886e-05,0.09156824699994104,0.05521981800029607,0.009969940000246424,0.0002319159998478426
0.5,LP3 ($\theta$ Only),6,63,0.0012502483418026637,,3,7,0,7,0.00011906082250625527,90.0,10.0,0.0025219889998879808,0.0034892640001089603,0.00019194700007574284,0.10467887400000109,0.046924721999857866,0.00985027699971397,0.00019654500010801712
0.5,LP3 ($\theta$ Only),7,70,0.0,,3,0,0,0,0.0,0.0,100.0,0.006357826000112254,0.003793495000081748,0.0005133419999765465,0.08843711899999107,0.06163247299991781,0.019814743000097224,0.0003951530002268555
0.5,LP3 ($\theta$ Only),8,78,0.002593088525318068,,0,10,3,7,0.00019514765802991764,90.0,10.0,0.0025251400002161972,0.003321895999761182,7.349799989242456e-05,0.09802004199991643,0.03854797700023482,0.010128862999863486,0.00020458600010897499
0.5,LP3 ($\theta$ Only),9,87,0.0,,0,0,0,0,0.0,0.0,100.0,0.006030514000030962,0.003512006000164547,5.2629000037995866e-05,0.09345823200010273,0.06699104400013312,0.009680447000391723,0.0002026910001404758
0.5,LP3 ($\theta$ Only),10,97,0.0,,1,0,0,0,0.0,0.0,100.0,0.001378453000143054,0.003246698999646469,0.0001778079999894544,0.09346935899975506,0.04222202599976299,0.009881412999675376,0.00020265000011931988
0.5,LP3 ($\theta$ Only),11,108,0.0,,0,0,0,0,0.0,0.0,100.0,0.0056457410000803065,0.003358586000103969,5.137000016475213e-05,0.08605426199983413,0.0627361319998272,0.009704145000341668,0.0002034979997915798
0.5,LP3 ($\theta$ Only),12,120,0.0026382153913652954,,0,10,4,6,0.00021164743131700447,90.0,10.0,0.0014483729996754846,0.003443058999891946,4.7107000227697426e-05,0.09158376799996404,0.044189795999955095,0.00965196399965862,0.00020255900017218664
0.5,LP3 ($\theta$ Only),13,133,0.0007826672398698384,,2,3,0,3,6.47619412828376e-05,40.0,60.0,0.0013518339997062867,0.003123999999843363,0.00017265899987251032,0.09329285800004072,0.06598469900018245,0.009420022000085737,0.00019274299984317622
0.5,LP3 ($\theta$ Only),14,147,0.0,,4,0,0,0,0.0,0.0,100.0,0.0013713680000364548,0.0030372689998330316,0.00016398400020989357,0.0913342610001564,0.047024458999658236,0.008833974000026501,0.00018729400017036824
0.5,LP3 ($\theta$ Only),15,162,0.0,,6,0,0,0,0.0,0.0,100.0,0.0013508020001609111,0.003221089999897231,0.00016168499996638275,0.08864520099996298,0.047819056999742315,0.011367565999989893,0.00038224200034164824
0.5,LP3 ($\theta$ Only),16,178,0.0024442454218738755,,2,12,2,10,0.00018000944082515848,90.0,10.0,0.002731454999775451,0.0038325909999912255,0.00021229799995126086,0.10343732599994837,0.046592351000072085,0.009259454000130063,0.00019486800010781735
0.5,LP3 ($\theta$ Only),17,195,0.001058055205325926,,0,3,1,2,0.00010296693140363547,70.0,30.0,0.0013577509998867754,0.003261790000124165,4.825300038646674e-05,0.09387524699968708,0.038606966999850556,0.009703952000108984,0.00020315900019340916
0.5,LP3 ($\theta$ Only),18,213,0.0,,3,0,0,0,0.0,0.0,100.0,0.006030477999956929,0.004892684999958874,0.000247519999902579,0.08886086699976659,0.06208839199962313,0.009122350999859918,0.00018890699993789895
0.5,LP3 ($\theta$ Only),19,232,0.0,,3,0,0,0,0.0,0.0,100.0,0.0013687759997083049,0.0029492610001398134,0.0001685140000518004,0.09820747699995991,0.04377936199989563,0.008906720000140922,0.00018845300019165734
0.5,Linear BTL,0,42,,-79.26300212181597,5,9,2,7,,,,0.002673202000096353,0.0035342199998922297,0.00020427500021469314,0.0797282720000112,0.04551028000014412,0.00860783400003129,0.00018374899991613347
0.5,Linear BTL,1,43,,-53.14220650860675,2,2,0,2,,,,0.0013878220001970476,0.0033058630001505662,0.0002162599998882797,0.09836142200038012,0.04801582199979748,0.018676230999972177,0.00020066400020368746
0.5,Linear BTL,2,45,,-45.83062555001498,0,8,0,8,,,,0.0014109430003372836,0.00365045500029737,7.763499979773769e-05,0.1120319289998406,0.06850764899991191,0.010496585000055347,0.00021365799966588384
0.5,Linear BTL,3,48,,-46.46903875645977,0,5,0,5,,,,0.0017019830002027447,0.0031426789996658044,4.8552999942330644e-05,0.10386822800001028,0.05309200800002145,0.009903009000026941,0.00020721900000353344
0.5,Linear BTL,4,52,,-54.4779501844137,1,1,0,1,,,,0.0014410580001822382,0.0036105969998061482,0.00018852099992727744,0.1130749389999437,0.04939102099979209,0.015089908999925683,0.0004634480001186603
0.5,Linear BTL,5,57,,-73.29756882927647,0,9,0,9,,,,0.007080550999944535,0.003418729000259191,5.1975999667774886e-05,0.09156824699994104,0.05521981800029607,0.009969940000246424,0.0002319159998478426
0.5,Linear BTL,6,63,,-77.39944711838876,3,7,0,7,,,,0.0025219889998879808,0.0034892640001089603,0.00019194700007574284,0.10467887400000109,0.046924721999857866,0.00985027699971397,0.00019654500010801712
0.5,Linear BTL,7,70,,-58.95584494430283,3,4,0,4,,,,0.006357826000112254,0.003793495000081748,0.0005133419999765465,0.08843711899999107,0.06163247299991781,0.019814743000097224,0.0003951530002268555
0.5,Linear BTL,8,78,,-69.9439067938673,0,9,2,7,,,,0.0025251400002161972,0.003321895999761182,7.349799989242456e-05,0.09802004199991643,0.03854797700023482,0.010128862999863486,0.00020458600010897499
0.5,Linear BTL,9,87,,-56.311227524401794,0,2,0,2,,,,0.006030514000030962,0.003512006000164547,5.2629000037995866e-05,0.09345823200010273,0.06699104400013312,0.009680447000391723,0.0002026910001404758
0.5,Linear BTL,10,97,,-64.31652181110685,1,3,0,3,,,,0.001378453000143054,0.003246698999646469,0.0001778079999894544,0.09346935899975506,0.04222202599976299,0.009881412999675376,0.00020265000011931988
0.5,Linear BTL,11,108,,-62.284709835346696,0,4,0,4,,,,0.0056457410000803065,0.003358586000103969,5.137000016475213e-05,0.08605426199983413,0.0627361319998272,0.009704145000341668,0.0002034979997915798
0.5,Linear BTL,12,120,,-72.40795005504286,0,13,5,8,,,,0.0014483729996754846,0.003443058999891946,4.7107000227697426e-05,0.09158376799996404,0.044189795999955095,0.00965196399965862,0.00020255900017218664
0.5,Linear BTL,13,133,,-62.0968181625874,2,2,0,2,,,,0.0013518339997062867,0.003123999999843363,0.00017265899987251032,0.09329285800004072,0.06598469900018245,0.009420022000085737,0.00019274299984317622
0.5,Linear BTL,14,147,,-81.18833968334829,4,3,0,3,,,,0.0013713680000364548,0.0030372689998330316,0.00016398400020989357,0.0913342610001564,0.047024458999658236,0.008833974000026501,0.00018729400017036824
0.5,Linear BTL,15,162,,-75.39084353245944,6,3,0,3,,,,0.0013508020001609111,0.003221089999897231,0.00016168499996638275,0.08864520099996298,0.047819056999742315,0.011367565999989893,0.00038224200034164824
0.5,Linear BTL,16,178,,-76.05970292143269,2,10,1,9,,,,0.002731454999775451,0.0038325909999912255,0.00021229799995126086,0.10343732599994837,0.046592351000072085,0.009259454000130063,0.00019486800010781735
0.5,Linear BTL,17,195,,-56.9332992817864,0,3,1,2,,,,0.0013577509998867754,0.003261790000124165,4.825300038646674e-05,0.09387524699968708,0.038606966999850556,0.009703952000108984,0.00020315900019340916
0.5,Linear BTL,18,213,,-65.97895021996669,3,4,0,4,,,,0.006030477999956929,0.004892684999958874,0.000247519999902579,0.08886086699976659,0.06208839199962313,0.009122350999859918,0.00018890699993789895
0.5,Linear BTL,19,232,,-69.48818095252079,3,3,0,3,,,,0.0013687759997083049,0.0029492610001398134,0.0001685140000518004,0.09820747699995991,0.04377936199989563,0.008906720000140922,0.00018845300019165734
0.6,LP3 ($\theta$ Only),0,42,0.0011881668844392192,,3,4,0,4,9.568552623954191e-05,60.0,40.0,0.001440330000150425,0.0030753500000173517,0.00020821699990847264,0.08207977300025959,0.06635067000024719,0.00914848799993706,0.00036792299988519517
0.6,LP3 ($\theta$ Only),1,43,0.0018849770776792575,,3,11,1,10,0.00016329385514517427,90.0,10.0,0.0024189920000026177,0.005499119999967661,0.0003484680000838125,0.1055037389996869,0.04325744300012957,0.009230417999788187,0.00018949600007545087
0.6,LP3 ($\theta$ Only),2,45,0.0010498157868142615,,1,3,0,3,0.0001291690413060996,80.0,20.0,0.006297838000136835,0.004448172000138584,0.0002493770002729434,0.08472649200029991,0.07133475599994199,0.009731197000292013,0.00019724599997061887
0.6,LP3 ($\theta$ Only),3,48,0.001227127896893566,,0,5,1,4,8.34748610459099e-05,70.0,30.0,0.0013764790001005167,0.003315631000077701,5.1434999932098435e-05,0.09929030800003602,0.04847986200002197,0.009974347000024864,0.00020244300003469107
0.6,LP3 ($\theta$ Only),4,52,0.00042072377573909765,,5,1,0,1,3.824761597628161e-05,20.0,80.0,0.00410605300021416,0.0037119399999028246,0.00019927400035157916,0.07743231799986461,0.050651218999973935,0.008671570999922551,0.0001831660001698765
0.6,LP3 ($\theta$ Only),5,57,0.001033676893447567,,2,4,0,4,7.006249656586667e-05,60.0,40.0,0.0013625110000248242,0.003199873000085063,0.00016925299996728427,0.0954414769998948,0.050059725000210165,0.00933027300015965,0.00019362699958946905
0.6,LP3 ($\theta$ Only),6,63,0.002572205549078553,,5,12,0,12,0.0002062093659009226,90.0,10.0,0.0013648010003635136,0.003063842999836197,0.00016421000009358977,0.09218499100006738,0.044863954999982525,0.010965453000153502,0.0002608079998935864
0.6,LP3 ($\theta$ Only),7,70,0.0,,4,0,0,0,0.0,0.0,100.0,0.0016542500002287852,0.003323915999771998,0.00017178899997816188,0.0785122610000144,0.05885224699977698,0.0084286940000311,0.00018490399997972418
0.6,LP3 ($\theta$ Only),8,78,0.0008373471365097683,,2,3,0,3,6.054399367167622e-05,50.0,50.0,0.0013629989998662495,0.003175325000029261,0.00017071299998860923,0.09432963300014308,0.049437449000379274,0.00921544199991331,0.00019590900001276168
0.6,LP3 ($\theta$ Only),9,87,0.0010685331919490725,,0,4,1,3,7.839006790458258e-05,60.0,40.0,0.0013522100002774096,0.0028933939997841662,4.7729000016261125e-05,0.09194298300008086,0.049699221000082616,0.009941299999809416,0.00020668700017267838
0.6,LP3 ($\theta$ Only),10,97,0.0,,0,0,0,0,0.0,0.0,100.0,0.0013720590000048105,0.0030284569998002553,4.7651999921072274e-05,0.09122595700000602,0.046890712000276835,0.009183712999856652,0.00020152599972789176
0.6,LP3 ($\theta$ Only),11,108,0.0,,2,0,0,0,0.0,0.0,100.0,0.0013445760000649898,0.0031208699997478107,0.00017695699989417335,0.08927821099996436,0.055012748000081046,0.01524632099972223,0.0004710630000772653
0.6,LP3 ($\theta$ Only),12,120,0.00136529325265018,,0,5,2,3,0.00010916858937399138,70.0,30.0,0.0027810669998871163,0.007072510999933002,0.0001036809999277466,0.1070797180000227,0.06122588200014434,0.013843555999756063,0.0001996579999286041
0.6,LP3 ($\theta$ Only),13,133,0.0006105774352960625,,4,1,0,1,5.5507039572369316e-05,40.0,60.0,0.0014109190001363459,0.003231746999972529,0.00016761100005169283,0.08581596600015473,0.06862203699984093,0.008841166999900452,0.0001852369996413472
0.6,LP3 ($\theta$ Only),14,147,0.0019455069717415736,,6,4,0,4,0.0001423318987816701,90.0,10.0,0.0013610410001092532,0.0033442889998696046,0.00016015399978641653,0.09272820499973022,0.044828097999925376,0.008446149000064906,0.0001814390002436994
0.6,LP3 ($\theta$ Only),15,162,0.0011655233700401412,,3,4,0,4,9.226637154469276e-05,80.0,20.0,0.001364255999760644,0.003421663000153785,0.00017075599998861435,0.08839182100018661,0.042873754000083864,0.00910391699972024,0.00018794900006469106
0.6,LP3 ($\theta$ Only),16,178,0.0013882349737352347,,2,5,1,4,8.816634249421465e-05,60.0,40.0,0.005566977000398765,0.0034816480001609307,0.00019850200033033616,0.08523180599968327,0.0586947130000226,0.009240237999620149,0.00019242500002292218
0.6,LP3 ($\theta$ Only),17,195,0.0007640735874531749,,4,3,0,3,6.946123522301587e-05,60.0,40.0,0.0013657889999194595,0.0030186710000634775,0.00016461599989270326,0.08377445499991154,0.043058808999830944,0.008721397000044817,0.0001857799998106202
0.6,LP3 ($\theta$ Only),18,213,0.001792599072586118,,4,8,4,4,0.0001221509950356885,70.0,30.0,0.0013382989995989192,0.0032866010001271206,0.00017117400011557038,0.08625479199963593,0.05666923099988708,0.010473997999724816,0.00019730500025616493
0.6,LP3 ($\theta$ Only),19,232,0.0015691963687389655,,7,8,0,8,9.984489821291812e-05,80.0,20.0,0.0013846319998265244,0.0030033029997866834,0.00016531800019947696,0.08879073300022355,0.049519059999965975,0.008138389000123425,0.00017614500029594637
0.6,Linear BTL,0,42,,-64.70429412979631,3,4,0,4,,,,0.001440330000150425,0.0030753500000173517,0.00020821699990847264,0.08207977300025959,0.06635067000024719,0.00914848799993706,0.00036792299988519517
0.6,Linear BTL,1,43,,-78.92643492950258,3,8,1,7,,,,0.0024189920000026177,0.005499119999967661,0.0003484680000838125,0.1055037389996869,0.04325744300012957,0.009230417999788187,0.00018949600007545087
0.6,Linear BTL,2,45,,-52.51746602464349,1,4,0,4,,,,0.006297838000136835,0.004448172000138584,0.0002493770002729434,0.08472649200029991,0.07133475599994199,0.009731197000292013,0.00019724599997061887
0.6,Linear BTL,3,48,,-59.23532516695485,0,6,0,6,,,,0.0013764790001005167,0.003315631000077701,5.1434999932098435e-05,0.09929030800003602,0.04847986200002197,0.009974347000024864,0.00020244300003469107
0.6,Linear BTL,4,52,,-68.46178427882107,5,2,0,2,,,,0.00410605300021416,0.0037119399999028246,0.00019927400035157916,0.07743231799986461,0.050651218999973935,0.008671570999922551,0.0001831660001698765
0.6,Linear BTL,5,57,,-73.88642640203167,2,5,0,5,,,,0.0013625110000248242,0.003199873000085063,0.00016925299996728427,0.0954414769998948,0.050059725000210165,0.00933027300015965,0.00019362699958946905
0.6,Linear BTL,6,63,,-86.37054721570185,5,10,0,10,,,,0.0013648010003635136,0.003063842999836197,0.00016421000009358977,0.09218499100006738,0.044863954999982525,0.010965453000153502,0.0002608079998935864
0.6,Linear BTL,7,70,,-65.49872576724971,4,4,0,4,,,,0.0016542500002287852,0.003323915999771998,0.00017178899997816188,0.0785122610000144,0.05885224699977698,0.0084286940000311,0.00018490399997972418
0.6,Linear BTL,8,78,,-57.308545329896205,2,6,0,6,,,,0.0013629989998662495,0.003175325000029261,0.00017071299998860923,0.09432963300014308,0.049437449000379274,0.00921544199991331,0.00019590900001276168
0.6,Linear BTL,9,87,,-65.43296839327101,0,7,2,5,,,,0.0013522100002774096,0.0028933939997841662,4.7729000016261125e-05,0.09194298300008086,0.049699221000082616,0.009941299999809416,0.00020668700017267838
0.6,Linear BTL,10,97,,-67.9372512178307,0,2,0,2,,,,0.0013720590000048105,0.0030284569998002553,4.7651999921072274e-05,0.09122595700000602,0.046890712000276835,0.009183712999856652,0.00020152599972789176
0.6,Linear BTL,11,108,,-76.39071470441445,2,4,0,4,,,,0.0013445760000649898,0.0031208699997478107,0.00017695699989417335,0.08927821099996436,0.055012748000081046,0.01524632099972223,0.0004710630000772653
0.6,Linear BTL,12,120,,-51.62247388911314,0,8,2,6,,,,0.0027810669998871163,0.007072510999933002,0.0001036809999277466,0.1070797180000227,0.06122588200014434,0.013843555999756063,0.0001996579999286041
0.6,Linear BTL,13,133,,-70.83617281079248,4,2,0,2,,,,0.0014109190001363459,0.003231746999972529,0.00016761100005169283,0.08581596600015473,0.06862203699984093,0.008841166999900452,0.0001852369996413472
0.6,Linear BTL,14,147,,-88.29112225908507,6,7,0,7,,,,0.0013610410001092532,0.0033442889998696046,0.00016015399978641653,0.09272820499973022,0.044828097999925376,0.008446149000064906,0.0001814390002436994
0.6,Linear BTL,15,162,,-82.70441206597148,3,6,0,6,,,,0.001364255999760644,0.003421663000153785,0.00017075599998861435,0.08839182100018661,0.042873754000083864,0.00910391699972024,0.00018794900006469106
0.6,Linear BTL,16,178,,-65.78640883205773,2,7,1,6,,,,0.005566977000398765,0.0034816480001609307,0.00019850200033033616,0.08523180599968327,0.0586947130000226,0.009240237999620149,0.00019242500002292218
0.6,Linear BTL,17,195,,-64.42496593003514,4,3,0,3,,,,0.0013657889999194595,0.0030186710000634775,0.00016461599989270326,0.08377445499991154,0.043058808999830944,0.008721397000044817,0.0001857799998106202
0.6,Linear BTL,18,213,,-78.8847195486907,4,9,1,8,,,,0.0013382989995989192,0.0032866010001271206,0.00017117400011557038,0.08625479199963593,0.05666923099988708,0.010473997999724816,0.00019730500025616493
0.6,Linear BTL,19,232,,-74.37788252458861,7,8,0,8,,,,0.0013846319998265244,0.0030033029997866834,0.00016531800019947696,0.08879073300022355,0.049519059999965975,0.008138389000123425,0.00017614500029594637
0.7,LP3 ($\theta$ Only),0,42,0.001672491377301686,,4,6,0,6,0.00013194360185835895,90.0,10.0,0.0015627540001332818,0.0033954609998545493,0.00024039900017669424,0.29573169700006474,0.0803512780003075,0.008778613999766094,0.0001862560002336977
0.7,LP3 ($\theta$ Only),1,43,0.0006404412405969387,,3,2,0,2,6.378833377422985e-05,50.0,50.0,0.0013596070002677152,0.002877292999983183,0.00016832899973451276,0.08735494899974583,0.05400531299983413,0.008902047999981733,0.00019265799983259058
0.7,LP3 ($\theta$ Only),2,45,0.0021172363466479284,,0,11,3,8,0.0001421329706874397,90.0,10.0,0.005941756000083842,0.003062486000089848,4.8861999857763294e-05,0.08608241399997496,0.06499564200021268,0.009573597999860795,0.00022585899978366797
0.7,LP3 ($\theta$ Only),3,48,0.0017510186109929277,,2,8,1,7,0.00010907400353473699,60.0,40.0,0.0013577579998127476,0.0032821859999785374,0.00017357300021103583,0.0980836530002307,0.06087150699977428,0.014161330000206362,0.00027280700032861205
0.7,LP3 ($\theta$ Only),4,52,0.0,,7,0,0,0,0.0,0.0,100.0,0.0017468949999965844,0.006315538000308152,0.00027347000013833167,0.08392771899980289,0.05098961900012,0.008108092999918881,0.00017734099992594565
0.7,LP3 ($\theta$ Only),5,57,0.0021470592329651066,,8,8,1,7,9.940547278262052e-05,70.0,30.0,0.0013706009999623348,0.00344489799999792,0.0001583559997015982,0.08087814200007415,0.04665419599996312,0.013556595999943966,0.0003989840001850098
0.7,LP3 ($\theta$ Only),6,63,0.001035063383174871,,10,4,0,4,0.0001180366162151919,70.0,30.0,0.002596203999928548,0.0102621400001226,0.0003380849998393387,0.11251959600031114,0.08183086799999728,0.008186774000023433,0.0001916220003295166
0.7,LP3 ($\theta$ Only),7,70,0.0017367166521331703,,7,6,2,4,8.652475243782818e-05,70.0,30.0,0.0027519489999576763,0.0059895399999732035,0.0001715920002425264,0.09525105400007305,0.048025651999978436,0.008324260999870603,0.00017594700011613895
0.7,LP3 ($\theta$ Only),8,78,0.003238910167949167,,1,17,6,11,0.00022388676872545421,90.0,10.0,0.0014320469999802299,0.0035616320001281565,0.0002034859999184846,0.11453518300004362,0.044553637000262825,0.011016748000201915,0.0002115570000569278
0.7,LP3 ($\theta$ Only),9,87,0.000821095141695873,,3,2,0,2,6.465521128460301e-05,50.0,50.0,0.005449562999729096,0.004969150000306399,0.0002697199997783173,0.08322332599982474,0.05869744099982199,0.008993941999960953,0.00019048500007556868
0.7,LP3 ($\theta$ Only),10,97,0.0007826127851374639,,0,4,0,4,5.808914267475155e-05,60.0,40.0,0.0013672099998984777,0.0029531019999922137,4.838699987885775e-05,0.09148151499994128,0.06976020999991306,0.009756638999988354,0.00020739000001412933
0.7,LP3 ($\theta$ Only),11,108,0.0008283209172776727,,2,3,0,3,7.998534113066579e-05,70.0,30.0,0.005828946999827167,0.0031498939997618436,0.0002425820002827095,0.08365193500003443,0.05497789100036243,0.010473911999724805,0.00022318000037557795
0.7,LP3 ($\theta$ Only),12,120,0.0021194789341880773,,2,9,5,4,0.000125566055097197,90.0,10.0,0.001386525999805599,0.0033409989996471268,0.00017208300005222554,0.0886951699999372,0.03848792600001616,0.00919369099983669,0.00019314200017106486
0.7,LP3 ($\theta$ Only),13,133,0.0015602585731591756,,5,7,0,7,0.00011895123566243304,90.0,10.0,0.0013584769999397395,0.0031697140002506785,0.0001607309995961259,0.08291569799985155,0.04193778199987719,0.00895745599973452,0.0001901539999380475
0.7,LP3 ($\theta$ Only),14,147,0.0010560017081287754,,9,4,0,4,8.40773224492058e-05,50.0,50.0,0.0061787859999640204,0.004654113000015059,0.00022159599984661327,0.07269570099970224,0.06056754599967462,0.00775626899985582,0.00017002599997795187
0.7,LP3 ($\theta$ Only),15,162,0.0009409445380467933,,1,3,0,3,7.996791139277245e-05,60.0,40.0,0.001370833000237326,0.0031660340000598808,0.00017254599970328854,0.09194146800018643,0.04673754399982499,0.009464078999826597,0.0001992100001189101
0.7,LP3 ($\theta$ Only),16,178,0.0007788486889871083,,1,2,0,2,7.989533536246441e-05,50.0,50.0,0.0013631990000249061,0.0034565020000627555,0.00017785799991543172,0.09153792600000088,0.04756894899992403,0.011241656000038347,0.00020949700001438032
0.7,LP3 ($\theta$ Only),17,195,0.0014953365231354736,,6,6,1,5,9.902132357296595e-05,90.0,10.0,0.0016075579997050227,0.003807592000157456,0.00019755399989662692,0.10194376900017232,0.05568731600033061,0.009052865999819915,0.0001886059999378631
0.7,LP3 ($\theta$ Only),18,213,0.002140877615831649,,9,9,0,9,0.0001042769399963615,90.0,10.0,0.0017435469999327324,0.003307447999759461,0.0001886559998638404,0.08980607600005897,0.05823928800009526,0.00840071699985856,0.0001818589998947573
0.7,LP3 ($\theta$ Only),19,232,0.0008830970320850113,,7,3,0,3,6.173907147529457e-05,40.0,60.0,0.0014772610002182773,0.0038775859998168016,0.00019458299993857509,0.09376419600039299,0.05277820099991004,0.009162645000287739,0.00018769199959933758
0.7,Linear BTL,0,42,,-73.01422446149353,4,7,0,7,,,,0.0015627540001332818,0.0033954609998545493,0.00024039900017669424,0.29573169700006474,0.0803512780003075,0.008778613999766094,0.0001862560002336977
0.7,Linear BTL,1,43,,-73.91136634796113,3,5,0,5,,,,0.0013596070002677152,0.002877292999983183,0.00016832899973451276,0.08735494899974583,0.05400531299983413,0.008902047999981733,0.00019265799983259058
0.7,Linear BTL,2,45,,-72.59947666124786,0,10,1,9,,,,0.005941756000083842,0.003062486000089848,4.8861999857763294e-05,0.08608241399997496,0.06499564200021268,0.009573597999860795,0.00022585899978366797
0.7,Linear BTL,3,48,,-66.0119055157414,2,9,2,7,,,,0.0013577579998127476,0.0032821859999785374,0.00017357300021103583,0.0980836530002307,0.06087150699977428,0.014161330000206362,0.00027280700032861205
0.7,Linear BTL,4,52,,-76.68792610321594,7,2,0,2,,,,0.0017468949999965844,0.006315538000308152,0.00027347000013833167,0.08392771899980289,0.05098961900012,0.008108092999918881,0.00017734099992594565
0.7,Linear BTL,5,57,,-87.70181345746417,8,11,2,9,,,,0.0013706009999623348,0.00344489799999792,0.0001583559997015982,0.08087814200007415,0.04665419599996312,0.013556595999943966,0.0003989840001850098
0.7,Linear BTL,6,63,,-88.53849522143285,10,4,0,4,,,,0.002596203999928548,0.0102621400001226,0.0003380849998393387,0.11251959600031114,0.08183086799999728,0.008186774000023433,0.0001916220003295166
0.7,Linear BTL,7,70,,-81.35270068541678,7,7,1,6,,,,0.0027519489999576763,0.0059895399999732035,0.0001715920002425264,0.09525105400007305,0.048025651999978436,0.008324260999870603,0.00017594700011613895
0.7,Linear BTL,8,78,,-82.41604006076483,1,15,3,12,,,,0.0014320469999802299,0.0035616320001281565,0.0002034859999184846,0.11453518300004362,0.044553637000262825,0.011016748000201915,0.0002115570000569278
0.7,Linear BTL,9,87,,-65.15981839193572,3,6,0,6,,,,0.005449562999729096,0.004969150000306399,0.0002697199997783173,0.08322332599982474,0.05869744099982199,0.008993941999960953,0.00019048500007556868
0.7,Linear BTL,10,97,,-79.4809658737353,0,4,0,4,,,,0.0013672099998984777,0.0029531019999922137,4.838699987885775e-05,0.09148151499994128,0.06976020999991306,0.009756638999988354,0.00020739000001412933
0.7,Linear BTL,11,108,,-83.2090323514775,2,3,0,3,,,,0.005828946999827167,0.0031498939997618436,0.0002425820002827095,0.08365193500003443,0.05497789100036243,0.010473911999724805,0.00022318000037557795
0.7,Linear BTL,12,120,,-70.03062917947273,2,9,5,4,,,,0.001386525999805599,0.0033409989996471268,0.00017208300005222554,0.0886951699999372,0.03848792600001616,0.00919369099983669,0.00019314200017106486
0.7,Linear BTL,13,133,,-73.47678173355328,5,7,0,7,,,,0.0013584769999397395,0.0031697140002506785,0.0001607309995961259,0.08291569799985155,0.04193778199987719,0.00895745599973452,0.0001901539999380475
0.7,Linear BTL,14,147,,-87.16751547083939,9,7,0,7,,,,0.0061787859999640204,0.004654113000015059,0.00022159599984661327,0.07269570099970224,0.06056754599967462,0.00775626899985582,0.00017002599997795187
0.7,Linear BTL,15,162,,-84.20845664110897,1,5,0,5,,,,0.001370833000237326,0.0031660340000598808,0.00017254599970328854,0.09194146800018643,0.04673754399982499,0.009464078999826597,0.0001992100001189101
0.7,Linear BTL,16,178,,-70.33942958642682,1,4,0,4,,,,0.0013631990000249061,0.0034565020000627555,0.00017785799991543172,0.09153792600000088,0.04756894899992403,0.011241656000038347,0.00020949700001438032
0.7,Linear BTL,17,195,,-75.71576130663874,6,5,0,5,,,,0.0016075579997050227,0.003807592000157456,0.00019755399989662692,0.10194376900017232,0.05568731600033061,0.009052865999819915,0.0001886059999378631
0.7,Linear BTL,18,213,,-84.78603711831126,9,14,0,14,,,,0.0017435469999327324,0.003307447999759461,0.0001886559998638404,0.08980607600005897,0.05823928800009526,0.00840071699985856,0.0001818589998947573
0.7,Linear BTL,19,232,,-81.49544939452782,7,5,0,5,,,,0.0014772610002182773,0.0038775859998168016,0.00019458299993857509,0.09376419600039299,0.05277820099991004,0.009162645000287739,0.00018769199959933758
0.8,LP3 ($\theta$ Only),0,42,0.0013333743103247705,,2,6,2,4,0.00010124765288558464,60.0,40.0,0.0016946079999797803,0.005760953999924823,0.00020256900006643264,0.10221807799962335,0.06464479599981132,0.010438717999932123,0.00020394500006659655
0.8,LP3 ($\theta$ Only),1,43,0.0,,8,0,0,0,0.0,0.0,100.0,0.0018246260001433257,0.0033944239999073034,0.0002494330001354683,0.10202827500006606,0.05834392599990679,0.00852531700002146,0.00019337799994900706
0.8,LP3 ($\theta$ Only),2,45,0.0018959350588050924,,0,8,4,4,0.00015721811139941079,90.0,10.0,0.0015617959998053266,0.003849404999982653,6.019099964760244e-05,0.1091693880002822,0.07105120799997167,0.01309319299980416,0.00025007600015669595
0.8,LP3 ($\theta$ Only),3,48,0.0008905971439003228,,2,4,1,3,7.178666511778941e-05,60.0,40.0,0.0016228529998443264,0.0035941700002695143,0.000198818000171741,0.10355974300000526,0.062100829999963025,0.011413722999805032,0.00020627100002457155
0.8,LP3 ($\theta$ Only),4,52,0.00047756230350881737,,7,1,0,1,6.864363151273318e-05,40.0,60.0,0.0013851869998688926,0.003221596999992471,0.00025649899998825276,0.09637370900009046,0.05764591700017263,0.008812568000394094,0.00017844500007413444
0.8,LP3 ($\theta$ Only),5,57,0.0025621416176142796,,4,10,1,9,0.00021089874980442994,90.0,10.0,0.0015186780001386069,0.0031717880001451704,0.00018380299979980919,0.10206921999997576,0.06676060600011624,0.0137220609999531,0.00022324000019580126
0.8,LP3 ($\theta$ Only),6,63,0.0,,10,0,0,0,0.0,0.0,100.0,0.0019630189999588765,0.004605726999670878,0.00023848299997553113,0.08368267800005924,0.05175334400018983,0.010383499999988999,0.0001764270000421675
0.8,LP3 ($\theta$ Only),7,70,0.0016399875164172055,,7,6,0,6,0.0001185067099943135,80.0,20.0,0.0014281100002335734,0.004360636999990675,0.00022692699985782383,0.09877573200037659,0.057815226999991864,0.009015604000069288,0.0003696199996738869
0.8,LP3 ($\theta$ Only),8,78,0.0014647382967486102,,5,6,2,4,8.532287828801326e-05,80.0,20.0,0.0069566150000355265,0.005224080000061804,0.00025353000000905013,0.09314975600000253,0.05734179699993547,0.009463101999699575,0.0002007739999498881
0.8,LP3 ($\theta$ Only),9,87,0.0012559989606522285,,2,3,1,2,8.628772531658159e-05,70.0,30.0,0.0014923829999133886,0.0032015520000641118,0.00018537700043452787,0.11301856399995813,0.059827276000305574,0.009504543999810267,0.00019690899989655009
0.8,LP3 ($\theta$ Only),10,97,0.0010802013226383904,,3,4,0,4,8.50349072093882e-05,50.0,50.0,0.0014883460003147775,0.0033385599999746773,0.0002045840001301258,0.10793225200040979,0.05568599600019297,0.009580156000083662,0.00020280399985495023
0.8,LP3 ($\theta$ Only),11,108,0.0006915783430244861,,7,2,0,2,6.287075845677145e-05,50.0,50.0,0.0014659359999313892,0.0031078020001586992,0.00022330699994199676,0.0877429199999824,0.06279662999986613,0.009098573999835935,0.0001927619996422436
0.8,LP3 ($\theta$ Only),12,120,0.0014324034810636052,,0,8,3,5,0.0001139535190126142,80.0,20.0,0.0014654460001111147,0.003217040999970777,5.3563000165013364e-05,0.10687862099985068,0.05037116599987712,0.013158397000097466,0.00031304200001613935
0.8,LP3 ($\theta$ Only),13,133,0.0,,3,0,0,0,0.0,0.0,100.0,0.0017362550001962518,0.0033603809997657663,0.00018701499993767357,0.10242857299999741,0.06818881900017004,0.012259336000170151,0.0002007779999075865
0.8,LP3 ($\theta$ Only),14,147,0.0012632780184766508,,9,5,0,5,9.763887799848547e-05,70.0,30.0,0.0014812399999755144,0.0035707629999706114,0.0002733500000431377,0.1027421730000242,0.05691677999993772,0.00915984200037201,0.0002872770000976743
0.8,LP3 ($\theta$ Only),15,162,0.0026561564889054485,,3,11,0,11,0.0002100853127372366,90.0,10.0,0.002762450999853172,0.003343951999795536,0.00018534600030761794,0.11178137400020205,0.052880662999996275,0.011970780999945418,0.00030204299991964945
0.8,LP3 ($\theta$ Only),16,178,0.0,,4,0,0,0,0.0,0.0,100.0,0.0015391550000458665,0.0033539199998813274,0.00017754300006345147,0.1013806799996928,0.06993293599998651,0.009811283000090043,0.00020437500006664777
0.8,LP3 ($\theta$ Only),17,195,0.0014752894127193362,,6,5,1,4,0.00010804858722234583,70.0,30.0,0.0014189040002747788,0.003097563000210357,0.00016419299981862423,0.09194992599987017,0.0657423600000584,0.010293708000062907,0.0002291529999638442
0.8,LP3 ($\theta$ Only),18,213,0.0017654252330721845,,11,8,0,8,9.148245360262222e-05,50.0,50.0,0.0055379570003424305,0.004131608000079723,0.00021446800019475631,0.08388059099979728,0.06849031699994157,0.011064735999752884,0.0003011429998878157
0.8,LP3 ($\theta$ Only),19,232,0.002021533786277455,,5,8,0,8,0.0001546893053313687,90.0,10.0,0.0025860119999379094,0.00393295499998203,0.0003350810002302751,0.11223867899980178,0.05807142300000123,0.010945815000013681,0.00019774100019276375
0.8,Linear BTL,0,42,,-75.54746496778566,2,5,1,4,,,,0.0016946079999797803,0.005760953999924823,0.00020256900006643264,0.10221807799962335,0.06464479599981132,0.010438717999932123,0.00020394500006659655
0.8,Linear BTL,1,43,,-83.9239531987411,8,4,0,4,,,,0.0018246260001433257,0.0033944239999073034,0.0002494330001354683,0.10202827500006606,0.05834392599990679,0.00852531700002146,0.00019337799994900706
0.8,Linear BTL,2,45,,-71.61822074063103,0,9,1,8,,,,0.0015617959998053266,0.003849404999982653,6.019099964760244e-05,0.1091693880002822,0.07105120799997167,0.01309319299980416,0.00025007600015669595
0.8,Linear BTL,3,48,,-66.51825678938857,2,5,1,4,,,,0.0016228529998443264,0.0035941700002695143,0.000198818000171741,0.10355974300000526,0.062100829999963025,0.011413722999805032,0.00020627100002457155
0.8,Linear BTL,4,52,,-85.5731814971333,7,1,0,1,,,,0.0013851869998688926,0.003221596999992471,0.00025649899998825276,0.09637370900009046,0.05764591700017263,0.008812568000394094,0.00017844500007413444
0.8,Linear BTL,5,57,,-90.61107910964719,4,12,0,12,,,,0.0015186780001386069,0.0031717880001451704,0.00018380299979980919,0.10206921999997576,0.06676060600011624,0.0137220609999531,0.00022324000019580126
0.8,Linear BTL,6,63,,-88.89412589629323,10,2,0,2,,,,0.0019630189999588765,0.004605726999670878,0.00023848299997553113,0.08368267800005924,0.05175334400018983,0.010383499999988999,0.0001764270000421675
0.8,Linear BTL,7,70,,-84.84956324129797,7,7,0,7,,,,0.0014281100002335734,0.004360636999990675,0.00022692699985782383,0.09877573200037659,0.057815226999991864,0.009015604000069288,0.0003696199996738869
0.8,Linear BTL,8,78,,-69.06506485664424,5,6,2,4,,,,0.0069566150000355265,0.005224080000061804,0.00025353000000905013,0.09314975600000253,0.05734179699993547,0.009463101999699575,0.0002007739999498881
0.8,Linear BTL,9,87,,-71.03960986895345,2,6,0,6,,,,0.0014923829999133886,0.0032015520000641118,0.00018537700043452787,0.11301856399995813,0.059827276000305574,0.009504543999810267,0.00019690899989655009
0.8,Linear BTL,10,97,,-80.75867351656161,3,7,0,7,,,,0.0014883460003147775,0.0033385599999746773,0.0002045840001301258,0.10793225200040979,0.05568599600019297,0.009580156000083662,0.00020280399985495023
0.8,Linear BTL,11,108,,-85.62915918905152,7,5,0,5,,,,0.0014659359999313892,0.0031078020001586992,0.00022330699994199676,0.0877429199999824,0.06279662999986613,0.009098573999835935,0.0001927619996422436
0.8,Linear BTL,12,120,,-52.875899407572085,0,7,3,4,,,,0.0014654460001111147,0.003217040999970777,5.3563000165013364e-05,0.10687862099985068,0.05037116599987712,0.013158397000097466,0.00031304200001613935
0.8,Linear BTL,13,133,,-73.7425397874062,3,2,0,2,,,,0.0017362550001962518,0.0033603809997657663,0.00018701499993767357,0.10242857299999741,0.06818881900017004,0.012259336000170151,0.0002007779999075865
0.8,Linear BTL,14,147,,-90.80330373324354,9,4,0,4,,,,0.0014812399999755144,0.0035707629999706114,0.0002733500000431377,0.1027421730000242,0.05691677999993772,0.00915984200037201,0.0002872770000976743
0.8,Linear BTL,15,162,,-88.97917359847374,3,11,0,11,,,,0.002762450999853172,0.003343951999795536,0.00018534600030761794,0.11178137400020205,0.052880662999996275,0.011970780999945418,0.00030204299991964945
0.8,Linear BTL,16,178,,-66.48423856963163,4,2,0,2,,,,0.0015391550000458665,0.0033539199998813274,0.00017754300006345147,0.1013806799996928,0.06993293599998651,0.009811283000090043,0.00020437500006664777
0.8,Linear BTL,17,195,,-79.37915682893683,6,5,1,4,,,,0.0014189040002747788,0.003097563000210357,0.00016419299981862423,0.09194992599987017,0.0657423600000584,0.010293708000062907,0.0002291529999638442
0.8,Linear BTL,18,213,,-92.06289643300607,11,8,0,8,,,,0.0055379570003424305,0.004131608000079723,0.00021446800019475631,0.08388059099979728,0.06849031699994157,0.011064735999752884,0.0003011429998878157
0.8,Linear BTL,19,232,,-86.25792637656404,5,9,0,9,,,,0.0025860119999379094,0.00393295499998203,0.0003350810002302751,0.11223867899980178,0.05807142300000123,0.010945815000013681,0.00019774100019276375
0.9,LP3 ($\theta$ Only),0,42,0.0026416006683598436,,2,11,2,9,0.00015584998266526286,80.0,20.0,0.0015338069997596904,0.003659169999991718,0.00019049699994866387,0.11250372699987565,0.08739248900019447,0.010285757000019657,0.00020766099987667985
0.9,LP3 ($\theta$ Only),1,43,0.0014434764334458488,,8,8,0,8,7.182155795190326e-05,50.0,50.0,0.005918134999774338,0.0038508399998136156,0.00021025199976065778,0.08499360399991929,0.0505737449998378,0.008387762999973347,0.00017304900029557757
0.9,LP3 ($\theta$ Only),2,45,0.0012238563241549654,,0,2,0,2,0.0001112596658322695,60.0,40.0,0.0013694950002900441,0.0037736049998784438,5.743300016547437e-05,0.11664373199982947,0.075670660999549,0.01093469500028732,0.0002050319999398198
0.9,LP3 ($\theta$ Only),3,48,0.0022972992871005517,,4,12,6,6,0.00014390214037056967,90.0,10.0,0.0013691509998352558,0.0031416940000781324,0.00017321099994660472,0.09402629999976853,0.04803930199977913,0.008890605000033247,0.00018811700010701315
0.9,LP3 ($\theta$ Only),4,52,0.0007775223037259908,,7,3,0,3,6.96027545599077e-05,60.0,40.0,0.0013468819997797254,0.003288416000032157,0.00015823700005057617,0.08158318799996778,0.07101458800025284,0.00927712100019562,0.000245722000272508
0.9,LP3 ($\theta$ Only),5,57,0.0023983452931824164,,5,10,2,8,0.00016552415581581209,80.0,20.0,0.0013702460000786232,0.002952272999664274,0.00017094299983000383,0.08481620099973952,0.06625030899976991,0.008542082000076334,0.00018600399971546722
0.9,LP3 ($\theta$ Only),6,63,0.0026717590618869688,,10,12,0,12,0.00019106034312147465,80.0,20.0,0.0014009500000611297,0.003136225000162085,0.00015758400013510254,0.08577102599974751,0.04195849400002771,0.007632137000200601,0.00016800999992483412
0.9,LP3 ($\theta$ Only),7,70,0.0,,9,0,0,0,0.0,0.0,100.0,0.005926529000134906,0.004074026000125741,0.0001919809997161792,0.0783928140003809,0.05541458400011834,0.007708003999596258,0.00017025800025294302
0.9,LP3 ($\theta$ Only),8,78,0.002641306381047613,,4,13,6,7,0.00013586455965055154,90.0,10.0,0.0013900690000809846,0.0031106950000321376,0.00017109800000980613,0.08674106599983133,0.040042042000095535,0.008926600999984657,0.00018758399983198615
0.9,LP3 ($\theta$ Only),9,87,0.0008183060310665249,,2,2,0,2,6.42035408233691e-05,40.0,60.0,0.0013505290003195114,0.0031676070002504275,0.00016598199999862118,0.09535103000007439,0.05352505299970289,0.00958551100029581,0.00020414599975993042
0.9,LP3 ($\theta$ Only),10,97,0.0008183353130921829,,6,3,0,3,7.439411937201663e-05,70.0,30.0,0.00621245699994688,0.00343216700002813,0.00018738300013865228,0.08050002100026177,0.05870507300005556,0.00833947499995702,0.00017858900037026615
0.9,LP3 ($\theta$ Only),11,108,0.0020388163366843867,,4,9,2,7,0.00014307193723890778,90.0,10.0,0.001355564000277809,0.0033529339998494834,0.00016473599998789723,0.08542343199997049,0.04073874000005162,0.00874807599984706,0.00018715699980020872
0.9,LP3 ($\theta$ Only),12,120,0.0029524655113650055,,2,15,6,9,0.00018809384435101322,90.0,10.0,0.0013373270003285143,0.0033263099999203405,0.00016118499979711487,0.08625357299979441,0.035984461000225565,0.00910766800006968,0.00019329199994899682
0.9,LP3 ($\theta$ Only),13,133,0.001982261896670806,,9,9,2,7,9.974257438283263e-05,80.0,20.0,0.00643784899966704,0.00426331000016944,0.00020373000006657094,0.07304057000010289,0.09236103200009893,0.010071425999740313,0.00038080700005593826
0.9,LP3 ($\theta$ Only),14,147,0.0016715229270168692,,3,7,2,5,0.0001388429502954162,90.0,10.0,0.002284438000060618,0.0032458610003232025,0.00017524399981994065,0.3086902659997577,0.07277465299966934,0.009087535000162461,0.00018902800002251752
0.9,LP3 ($\theta$ Only),15,162,0.002375817195085613,,2,8,0,8,0.00020031048626560887,90.0,10.0,0.0013778410002487362,0.00346296199995777,0.00017116799972427543,0.1008138219999637,0.047401184999671386,0.009213627000008273,0.00019161599993822165
0.9,LP3 ($\theta$ Only),16,178,0.0038178232534396483,,2,19,8,11,0.00019296241937019623,80.0,20.0,0.005792234999717039,0.003973861999838846,0.00023824200025046594,0.11946284799978457,0.0328052069999103,0.009202533999996376,0.00019488799989630934
0.9,LP3 ($\theta$ Only),17,195,0.001931411715876518,,5,7,1,6,0.00015387725058648444,90.0,10.0,0.0013473620001605013,0.0029021619998275128,0.00015800299979673582,0.0811687149998761,0.0584676829998898,0.008671487000356137,0.00018437600010656752
0.9,LP3 ($\theta$ Only),18,213,0.001979697013966177,,8,8,0,8,0.00017686699759594067,80.0,20.0,0.00549802700015789,0.003208269999959157,0.00016551299995626323,0.08782128800021383,0.05655554299983123,0.00790698800028622,0.00017390699986208347
0.9,LP3 ($\theta$ Only),19,232,0.0013911652013946928,,10,4,1,3,8.068255682538923e-05,70.0,30.0,0.0013669079999090172,0.0030496360000142886,0.00016086899995571002,0.07826612100006969,0.06040877900022679,0.007513147999816283,0.00016504000041095424
0.9,Linear BTL,0,42,,-84.05634569188328,2,11,2,9,,,,0.0015338069997596904,0.003659169999991718,0.00019049699994866387,0.11250372699987565,0.08739248900019447,0.010285757000019657,0.00020766099987667985
0.9,Linear BTL,1,43,,-86.37728597921235,8,6,0,6,,,,0.005918134999774338,0.0038508399998136156,0.00021025199976065778,0.08499360399991929,0.0505737449998378,0.008387762999973347,0.00017304900029557757
0.9,Linear BTL,2,45,,-74.33130147190421,0,6,0,6,,,,0.0013694950002900441,0.0037736049998784438,5.743300016547437e-05,0.11664373199982947,0.075670660999549,0.01093469500028732,0.0002050319999398198
0.9,Linear BTL,3,48,,-84.31721596620343,4,10,1,9,,,,0.0013691509998352558,0.0031416940000781324,0.00017321099994660472,0.09402629999976853,0.04803930199977913,0.008890605000033247,0.00018811700010701315
0.9,Linear BTL,4,52,,-87.40640458530126,7,5,0,5,,,,0.0013468819997797254,0.003288416000032157,0.00015823700005057617,0.08158318799996778,0.07101458800025284,0.00927712100019562,0.000245722000272508
0.9,Linear BTL,5,57,,-90.54151624888776,5,13,1,12,,,,0.0013702460000786232,0.002952272999664274,0.00017094299983000383,0.08481620099973952,0.06625030899976991,0.008542082000076334,0.00018600399971546722
0.9,Linear BTL,6,63,,-88.77674277627293,10,15,0,15,,,,0.0014009500000611297,0.003136225000162085,0.00015758400013510254,0.08577102599974751,0.04195849400002771,0.007632137000200601,0.00016800999992483412
0.9,Linear BTL,7,70,,-85.3835104070251,9,2,0,2,,,,0.005926529000134906,0.004074026000125741,0.0001919809997161792,0.0783928140003809,0.05541458400011834,0.007708003999596258,0.00017025800025294302
0.9,Linear BTL,8,78,,-81.62179745810988,4,11,4,7,,,,0.0013900690000809846,0.0031106950000321376,0.00017109800000980613,0.08674106599983133,0.040042042000095535,0.008926600999984657,0.00018758399983198615
0.9,Linear BTL,9,87,,-74.03063796136674,2,3,0,3,,,,0.0013505290003195114,0.0031676070002504275,0.00016598199999862118,0.09535103000007439,0.05352505299970289,0.00958551100029581,0.00020414599975993042
0.9,Linear BTL,10,97,,-79.11647258178859,6,5,0,5,,,,0.00621245699994688,0.00343216700002813,0.00018738300013865228,0.08050002100026177,0.05870507300005556,0.00833947499995702,0.00017858900037026615
0.9,Linear BTL,11,108,,-86.96170751131459,4,12,3,9,,,,0.001355564000277809,0.0033529339998494834,0.00016473599998789723,0.08542343199997049,0.04073874000005162,0.00874807599984706,0.00018715699980020872
0.9,Linear BTL,12,120,,-77.41817989289449,2,15,5,10,,,,0.0013373270003285143,0.0033263099999203405,0.00016118499979711487,0.08625357299979441,0.035984461000225565,0.00910766800006968,0.00019329199994899682
0.9,Linear BTL,13,133,,-87.46746639087992,9,11,1,10,,,,0.00643784899966704,0.00426331000016944,0.00020373000006657094,0.07304057000010289,0.09236103200009893,0.010071425999740313,0.00038080700005593826
0.9,Linear BTL,14,147,,-87.84654603056842,3,8,1,7,,,,0.002284438000060618,0.0032458610003232025,0.00017524399981994065,0.3086902659997577,0.07277465299966934,0.009087535000162461,0.00018902800002251752
0.9,Linear BTL,15,162,,-89.45641301034341,2,9,0,9,,,,0.0013778410002487362,0.00346296199995777,0.00017116799972427543,0.1008138219999637,0.047401184999671386,0.009213627000008273,0.00019161599993822165
0.9,Linear BTL,16,178,,-90.4245553060662,2,16,7,9,,,,0.005792234999717039,0.003973861999838846,0.00023824200025046594,0.11946284799978457,0.0328052069999103,0.009202533999996376,0.00019488799989630934
0.9,Linear BTL,17,195,,-85.13011489809064,5,8,1,7,,,,0.0013473620001605013,0.0029021619998275128,0.00015800299979673582,0.0811687149998761,0.0584676829998898,0.008671487000356137,0.00018437600010656752
0.9,Linear BTL,18,213,,-89.91448590602066,8,10,0,10,,,,0.00549802700015789,0.003208269999959157,0.00016551299995626323,0.08782128800021383,0.05655554299983123,0.00790698800028622,0.00017390699986208347
0.9,Linear BTL,19,232,,-87.65581293042902,10,8,1,7,,,,0.0013669079999090172,0.0030496360000142886,0.00016086899995571002,0.07826612100006969,0.06040877900022679,0.007513147999816283,0.00016504000041095424
1.0,LP3 ($\theta$ Only),0,42,0.0012742129526605948,,2,5,1,4,0.00010846614642567275,90.0,10.0,0.0013611260001198389,0.0034991869997611502,0.00017049500002030982,0.0839573919997747,0.08796379700015677,0.009273598000163474,0.00019242200005464838
1.0,LP3 ($\theta$ Only),1,43,0.0016190999598320805,,6,4,0,4,0.00018593116540168288,90.0,10.0,0.0012028490000375314,0.0033150919998661266,0.0001700500001788896,0.08314921400005915,0.056291633999990154,0.010961289000078978,0.00018576599995867582
1.0,LP3 ($\theta$ Only),2,45,0.0033414427358486255,,0,16,4,12,0.00020770320197602138,80.0,20.0,0.001350757999716734,0.003398691999791481,5.642199994326802e-05,0.09914284399974349,0.07341430899987245,0.010906216999956087,0.00040760599995337543
1.0,LP3 ($\theta$ Only),3,48,0.00044704649233510534,,3,2,0,2,4.9731499303191405e-05,30.0,70.0,0.0019112949998998374,0.005584004999946046,0.00020918400014124927,0.08484260299974267,0.06084981499998321,0.008944198000335746,0.00018870999974751612
1.0,LP3 ($\theta$ Only),4,52,0.0008586967776891966,,12,5,0,5,7.587291362639117e-05,60.0,40.0,0.0012069399999745656,0.0033630839998295414,0.00016072100015662727,0.06969698400007474,0.05737719200033098,0.007137040000088746,0.0001488879997850745
1.0,LP3 ($\theta$ Only),5,57,0.0025288490646830242,,5,11,2,9,0.00020715048794288992,90.0,10.0,0.001195230000121228,0.0033701739998832636,0.00025167700005113147,0.0882936839998365,0.04285741100011364,0.008747899999889341,0.00018359800014877692
1.0,LP3 ($\theta$ Only),6,63,0.00160070459251853,,6,8,1,7,0.00013259583027841826,80.0,20.0,0.001233908999893174,0.0030469590001303004,0.00016843399998833775,0.08231240299983256,0.05267241900037334,0.009867536000001564,0.00021873200012123561
1.0,LP3 ($\theta$ Only),7,70,0.0,,9,0,0,0,0.0,0.0,100.0,0.002027559999987716,0.003259380000145029,0.00016187199980777223,0.07243885600018984,0.05326135199993587,0.007647762000033254,0.00020912700028929976
1.0,LP3 ($\theta$ Only),8,78,0.001431013647179296,,4,5,2,3,0.00011132456530870308,70.0,30.0,0.0015398820000882552,0.0034374079996268847,0.0001864999999270367,0.08796708899990335,0.048845244999938586,0.008800048000011884,0.00018598699989524903
1.0,LP3 ($\theta$ Only),9,87,0.0004724677166605901,,3,1,1,0,4.295161060550819e-05,20.0,80.0,0.0012193729999125935,0.0030270530000962026,0.00016497700016770978,0.09359478100031993,0.041986744000041654,0.00924388400017051,0.00018775599983200664
1.0,LP3 ($\theta$ Only),10,97,0.003145904291693726,,5,13,3,10,0.00017474154942310528,80.0,20.0,0.0052803619996666384,0.0033210240003427316,0.0001823970001169073,0.0873701999998957,0.05571888799977387,0.00865561799992065,0.00018375499985268107
1.0,LP3 ($\theta$ Only),11,108,0.0026888936848583787,,2,13,3,10,0.0001818176178480252,90.0,10.0,0.001201529999889317,0.0032199380002566613,0.00016688499999872874,0.10141829799977131,0.04691647000026933,0.009234362999904988,0.0001998299999286246
1.0,LP3 ($\theta$ Only),12,120,0.003660510728725782,,2,16,11,5,0.00022622457592902265,90.0,10.0,0.0011901789998773893,0.0035053040001002955,0.0001629339999453805,0.08994743999983257,0.044078083999920636,0.009207862000039313,0.00019466699995973613
1.0,LP3 ($\theta$ Only),13,133,0.002296959558033306,,7,9,1,8,0.00015357312908545278,90.0,10.0,0.0011859799997182563,0.0032094530001813837,0.00015853700006118743,0.07884848599996985,0.04781329800016465,0.008364891999917745,0.00017860700017990894
1.0,LP3 ($\theta$ Only),14,147,0.0033558089996173707,,0,14,4,10,0.00021823367636829763,90.0,10.0,0.0011985349997303274,0.003110210000158986,4.899600025964901e-05,0.10154873300007239,0.07433358800017231,0.013443778999771894,0.0002723729999161151
1.0,LP3 ($\theta$ Only),15,162,0.0025762729168217285,,2,12,4,8,0.0001813334729581168,80.0,20.0,0.001565595999636571,0.003884747000029165,0.0001873379997050506,0.10411893799982863,0.050452989999939746,0.00962248699988777,0.00019860799966409104
1.0,LP3 ($\theta$ Only),16,178,0.0018902338309146251,,3,9,2,7,0.0001042755080630386,90.0,10.0,0.001312283000061143,0.003678898999623925,0.0001882020001175988,0.09452203799992276,0.05986447599980238,0.009544335000100546,0.00020238100023561856
1.0,LP3 ($\theta$ Only),17,195,0.0,,7,0,0,0,0.0,0.0,100.0,0.0012406710002323962,0.0035552149997784,0.00027575200010687695,0.09248004600021886,0.03986617600003228,0.00901338499988924,0.00018177199990532245
1.0,LP3 ($\theta$ Only),18,213,0.0022490045998520463,,10,11,1,10,0.00017670454619318039,90.0,10.0,0.0017807140002332744,0.0037519120000979456,0.00023411399979522685,0.09092211100005443,0.06044560899999851,0.008879867000359809,0.00021482300007846789
1.0,LP3 ($\theta$ Only),19,232,0.0023208365074962184,,8,8,0,8,0.0001531676572481344,70.0,30.0,0.0015190740000434744,0.004409120999753213,0.00018984999996973784,0.09708599699979459,0.04938217299968528,0.008363652000298316,0.00017971699980989797
1.0,Linear BTL,0,42,,-73.0656587297109,2,4,0,4,,,,0.0013611260001198389,0.0034991869997611502,0.00017049500002030982,0.0839573919997747,0.08796379700015677,0.009273598000163474,0.00019242200005464838
1.0,Linear BTL,1,43,,-87.65639046165762,6,9,0,9,,,,0.0012028490000375314,0.0033150919998661266,0.0001700500001788896,0.08314921400005915,0.056291633999990154,0.010961289000078978,0.00018576599995867582
1.0,Linear BTL,2,45,,-85.80614753662039,0,16,4,12,,,,0.001350757999716734,0.003398691999791481,5.642199994326802e-05,0.09914284399974349,0.07341430899987245,0.010906216999956087,0.00040760599995337543
1.0,Linear BTL,3,48,,-74.29674052166071,3,5,0,5,,,,0.0019112949998998374,0.005584004999946046,0.00020918400014124927,0.08484260299974267,0.06084981499998321,0.008944198000335746,0.00018870999974751612
1.0,Linear BTL,4,52,,-91.55449807341333,12,4,0,4,,,,0.0012069399999745656,0.0033630839998295414,0.00016072100015662727,0.06969698400007474,0.05737719200033098,0.007137040000088746,0.0001488879997850745
1.0,Linear BTL,5,57,,-90.42277486693443,5,12,1,11,,,,0.001195230000121228,0.0033701739998832636,0.00025167700005113147,0.0882936839998365,0.04285741100011364,0.008747899999889341,0.00018359800014877692
1.0,Linear BTL,6,63,,-87.53396919262904,6,7,0,7,,,,0.001233908999893174,0.0030469590001303004,0.00016843399998833775,0.08231240299983256,0.05267241900037334,0.009867536000001564,0.00021873200012123561
1.0,Linear BTL,7,70,,-86.65992931303941,9,6,0,6,,,,0.002027559999987716,0.003259380000145029,0.00016187199980777223,0.07243885600018984,0.05326135199993587,0.007647762000033254,0.00020912700028929976
1.0,Linear BTL,8,78,,-73.29535633890856,4,9,1,8,,,,0.0015398820000882552,0.0034374079996268847,0.0001864999999270367,0.08796708899990335,0.048845244999938586,0.008800048000011884,0.00018598699989524903
1.0,Linear BTL,9,87,,-78.58287605378432,3,2,1,1,,,,0.0012193729999125935,0.0030270530000962026,0.00016497700016770978,0.09359478100031993,0.041986744000041654,0.00924388400017051,0.00018775599983200664
1.0,Linear BTL,10,97,,-90.65486774966847,5,12,2,10,,,,0.0052803619996666384,0.0033210240003427316,0.0001823970001169073,0.0873701999998957,0.05571888799977387,0.00865561799992065,0.00018375499985268107
1.0,Linear BTL,11,108,,-88.28744520471145,2,11,1,10,,,,0.001201529999889317,0.0032199380002566613,0.00016688499999872874,0.10141829799977131,0.04691647000026933,0.009234362999904988,0.0001998299999286246
1.0,Linear BTL,12,120,,-89.98650220361935,2,17,10,7,,,,0.0011901789998773893,0.0035053040001002955,0.0001629339999453805,0.08994743999983257,0.044078083999920636,0.009207862000039313,0.00019466699995973613
1.0,Linear BTL,13,133,,-90.56905528734214,7,12,1,11,,,,0.0011859799997182563,0.0032094530001813837,0.00015853700006118743,0.07884848599996985,0.04781329800016465,0.008364891999917745,0.00017860700017990894
1.0,Linear BTL,14,147,,-88.08772664320766,0,16,0,16,,,,0.0011985349997303274,0.003110210000158986,4.899600025964901e-05,0.10154873300007239,0.07433358800017231,0.013443778999771894,0.0002723729999161151
1.0,Linear BTL,15,162,,-90.3911382346835,2,12,2,10,,,,0.001565595999636571,0.003884747000029165,0.0001873379997050506,0.10411893799982863,0.050452989999939746,0.00962248699988777,0.00019860799966409104
1.0,Linear BTL,16,178,,-73.5727516038808,3,10,2,8,,,,0.001312283000061143,0.003678898999623925,0.0001882020001175988,0.09452203799992276,0.05986447599980238,0.009544335000100546,0.00020238100023561856
1.0,Linear BTL,17,195,,-76.2347054055913,7,3,0,3,,,,0.0012406710002323962,0.0035552149997784,0.00027575200010687695,0.09248004600021886,0.03986617600003228,0.00901338499988924,0.00018177199990532245
1.0,Linear BTL,18,213,,-92.29092580556997,10,10,0,10,,,,0.0017807140002332744,0.0037519120000979456,0.00023411399979522685,0.09092211100005443,0.06044560899999851,0.008879867000359809,0.00021482300007846789
1.0,Linear BTL,19,232,,-83.9553668101574,8,13,1,12,,,,0.0015190740000434744,0.004409120999753213,0.00018984999996973784,0.09708599699979459,0.04938217299968528,0.008363652000298316,0.00017971699980989797
